[
  {
    "pk": 14, 
    "model": "ask.choiceset", 
    "fields": {
      "name": "Disagree__Agree__1-7__NA9999"
    }
  }, 
  {
    "pk": 12, 
    "model": "ask.choiceset", 
    "fields": {
      "name": "GAD7"
    }
  }, 
  {
    "pk": 4, 
    "model": "ask.choiceset", 
    "fields": {
      "name": "acq1"
    }
  }, 
  {
    "pk": 5, 
    "model": "ask.choiceset", 
    "fields": {
      "name": "acq2"
    }
  }, 
  {
    "pk": 6, 
    "model": "ask.choiceset", 
    "fields": {
      "name": "acq3"
    }
  }, 
  {
    "pk": 7, 
    "model": "ask.choiceset", 
    "fields": {
      "name": "acq4"
    }
  }, 
  {
    "pk": 8, 
    "model": "ask.choiceset", 
    "fields": {
      "name": "acq5"
    }
  }, 
  {
    "pk": 3, 
    "model": "ask.choiceset", 
    "fields": {
      "name": "demo_choiceset"
    }
  }, 
  {
    "pk": 1, 
    "model": "ask.choiceset", 
    "fields": {
      "name": "female"
    }
  }, 
  {
    "pk": 13, 
    "model": "ask.choiceset", 
    "fields": {
      "name": "helpful__nothelpful"
    }
  }, 
  {
    "pk": 94, 
    "model": "ask.choiceset", 
    "fields": {
      "name": "linq_eating"
    }
  }, 
  {
    "pk": 95, 
    "model": "ask.choiceset", 
    "fields": {
      "name": "linq_explainexercise"
    }
  }, 
  {
    "pk": 96, 
    "model": "ask.choiceset", 
    "fields": {
      "name": "linq_howmuchactivity"
    }
  }, 
  {
    "pk": 97, 
    "model": "ask.choiceset", 
    "fields": {
      "name": "linq_medinfosatisfied"
    }
  }, 
  {
    "pk": 98, 
    "model": "ask.choiceset", 
    "fields": {
      "name": "linq_nextfewyears"
    }
  }, 
  {
    "pk": 99, 
    "model": "ask.choiceset", 
    "fields": {
      "name": "linq_smokestatus"
    }
  }, 
  {
    "pk": 100, 
    "model": "ask.choiceset", 
    "fields": {
      "name": "linq_whatwhensymptomsworse"
    }
  }, 
  {
    "pk": 101, 
    "model": "ask.choiceset", 
    "fields": {
      "name": "linq_whenabulance"
    }
  }, 
  {
    "pk": 10, 
    "model": "ask.choiceset", 
    "fields": {
      "name": "nottoobad__makeslifemisery"
    }
  }, 
  {
    "pk": 9, 
    "model": "ask.choiceset", 
    "fields": {
      "name": "other_health_complaints_list"
    }
  }, 
  {
    "pk": 11, 
    "model": "ask.choiceset", 
    "fields": {
      "name": "phq9"
    }
  }, 
  {
    "pk": 102, 
    "model": "ask.choiceset", 
    "fields": {
      "name": "primary_respiratory_diagnosis"
    }
  }, 
  {
    "pk": 85, 
    "model": "ask.choiceset", 
    "fields": {
      "name": "yes_no"
    }
  }, 
  {
    "pk": 2, 
    "model": "ask.choiceset", 
    "fields": {
      "name": "yes_no_defaultyes"
    }
  }, 
  {
    "pk": 12, 
    "model": "ask.instrument", 
    "fields": {
      "usage_information": "", 
      "citation": "", 
      "name": "Difficult Asthma \u2013 Other health complaints"
    }
  }, 
  {
    "pk": 18, 
    "model": "ask.instrument", 
    "fields": {
      "usage_information": "", 
      "citation": "", 
      "name": "testinstrument"
    }
  }, 
  {
    "pk": 19, 
    "model": "ask.asker", 
    "fields": {
      "steps_are_sequential": true, 
      "show_progress": true, 
      "name": "Telephone call request", 
      "step_navigation": true, 
      "hide_menu": true, 
      "redirect_url": "/accounts/profile/", 
      "slug": "likeatelephonecall", 
      "success_message": "Questionnaire complete.", 
      "scoresheets": []
    }
  }, 
  {
    "pk": 16, 
    "model": "ask.asker", 
    "fields": {
      "steps_are_sequential": true, 
      "show_progress": true, 
      "name": "Test questionnaire which allows uploads", 
      "step_navigation": true, 
      "hide_menu": false, 
      "redirect_url": "/accounts/profile/", 
      "slug": "generic-add-document", 
      "success_message": "Questionnaire complete.", 
      "scoresheets": []
    }
  }, 
  {
    "pk": 18, 
    "model": "ask.asker", 
    "fields": {
      "steps_are_sequential": true, 
      "show_progress": true, 
      "name": "Test phone-based questionnaires", 
      "step_navigation": true, 
      "hide_menu": true, 
      "redirect_url": "/accounts/profile/", 
      "slug": "Testphonecallasker", 
      "success_message": "Questionnaire complete.", 
      "scoresheets": []
    }
  }, 
  {
    "pk": 17, 
    "model": "ask.asker", 
    "fields": {
      "steps_are_sequential": true, 
      "show_progress": false, 
      "name": "Demonstration Questionnaire", 
      "step_navigation": true, 
      "hide_menu": false, 
      "redirect_url": "/accounts/profile/", 
      "slug": "demonstration_questionnaire", 
      "success_message": "Questionnaire complete.", 
      "scoresheets": []
    }
  }, 
  {
    "pk": 30, 
    "model": "ask.asker", 
    "fields": {
      "steps_are_sequential": true, 
      "show_progress": true, 
      "name": "LINQ", 
      "step_navigation": true, 
      "hide_menu": false, 
      "redirect_url": "/accounts/profile/", 
      "slug": "LINQ", 
      "success_message": "Questionnaire complete.", 
      "scoresheets": [
        3, 
        4, 
        5, 
        6, 
        7, 
        8
      ]
    }
  }, 
  {
    "pk": 25, 
    "model": "ask.askpage", 
    "fields": {
      "submit_button_text": "Save answers", 
      "asker": 16, 
      "order": 0.0, 
      "step_name": null
    }
  }, 
  {
    "pk": 26, 
    "model": "ask.askpage", 
    "fields": {
      "submit_button_text": "Save these answers goddamit", 
      "asker": 17, 
      "order": 0.0, 
      "step_name": ""
    }
  }, 
  {
    "pk": 49, 
    "model": "ask.askpage", 
    "fields": {
      "submit_button_text": "Save answers", 
      "asker": 19, 
      "order": 0.0, 
      "step_name": ""
    }
  }, 
  {
    "pk": 118, 
    "model": "ask.askpage", 
    "fields": {
      "submit_button_text": "Continue", 
      "asker": 30, 
      "order": 0.0, 
      "step_name": "Introduction"
    }
  }, 
  {
    "pk": 29, 
    "model": "ask.askpage", 
    "fields": {
      "submit_button_text": "Save answers", 
      "asker": 18, 
      "order": 0.0, 
      "step_name": ""
    }
  }, 
  {
    "pk": 114, 
    "model": "ask.askpage", 
    "fields": {
      "submit_button_text": "Continue", 
      "asker": 17, 
      "order": 1.0, 
      "step_name": ""
    }
  }, 
  {
    "pk": 115, 
    "model": "ask.askpage", 
    "fields": {
      "submit_button_text": "Save answers", 
      "asker": 17, 
      "order": 2.0, 
      "step_name": ""
    }
  }, 
  {
    "pk": 119, 
    "model": "ask.askpage", 
    "fields": {
      "submit_button_text": "Save and continue", 
      "asker": 30, 
      "order": 2.0, 
      "step_name": "Information needs"
    }
  }, 
  {
    "pk": 120, 
    "model": "ask.askpage", 
    "fields": {
      "submit_button_text": "Save and continue", 
      "asker": 30, 
      "order": 3.0, 
      "step_name": "Your score"
    }
  }, 
  {
    "pk": 51, 
    "model": "ask.choice", 
    "fields": {
      "is_default_value": false, 
      "choiceset": 12, 
      "score": 0, 
      "order": 0, 
      "label": "Not at all"
    }
  }, 
  {
    "pk": 47, 
    "model": "ask.choice", 
    "fields": {
      "is_default_value": false, 
      "choiceset": 11, 
      "score": 0, 
      "order": 0, 
      "label": "Not at all "
    }
  }, 
  {
    "pk": 55, 
    "model": "ask.choice", 
    "fields": {
      "is_default_value": false, 
      "choiceset": 13, 
      "score": 0, 
      "order": 0, 
      "label": "Not at all helpful"
    }
  }, 
  {
    "pk": 3, 
    "model": "ask.choice", 
    "fields": {
      "is_default_value": false, 
      "choiceset": 2, 
      "score": 0, 
      "order": 0, 
      "label": "No"
    }
  }, 
  {
    "pk": 8, 
    "model": "ask.choice", 
    "fields": {
      "is_default_value": false, 
      "choiceset": 4, 
      "score": 1, 
      "order": 1, 
      "label": "All of the time"
    }
  }, 
  {
    "pk": 13, 
    "model": "ask.choice", 
    "fields": {
      "is_default_value": false, 
      "choiceset": 5, 
      "score": 1, 
      "order": 1, 
      "label": "More than once a day"
    }
  }, 
  {
    "pk": 1, 
    "model": "ask.choice", 
    "fields": {
      "is_default_value": false, 
      "choiceset": 1, 
      "score": 1, 
      "order": 1, 
      "label": "Female"
    }
  }, 
  {
    "pk": 4, 
    "model": "ask.choice", 
    "fields": {
      "is_default_value": true, 
      "choiceset": 2, 
      "score": 1, 
      "order": 1, 
      "label": "Yes"
    }
  }, 
  {
    "pk": 5, 
    "model": "ask.choice", 
    "fields": {
      "is_default_value": true, 
      "choiceset": 3, 
      "score": 1, 
      "order": 1, 
      "label": "Blue"
    }
  }, 
  {
    "pk": 18, 
    "model": "ask.choice", 
    "fields": {
      "is_default_value": false, 
      "choiceset": 6, 
      "score": 1, 
      "order": 1, 
      "label": "4 or more nights a week"
    }
  }, 
  {
    "pk": 23, 
    "model": "ask.choice", 
    "fields": {
      "is_default_value": false, 
      "choiceset": 7, 
      "score": 1, 
      "order": 1, 
      "label": "3 or more times per day"
    }
  }, 
  {
    "pk": 28, 
    "model": "ask.choice", 
    "fields": {
      "is_default_value": false, 
      "choiceset": 8, 
      "score": 1, 
      "order": 1, 
      "label": "Not controlled at all"
    }
  }, 
  {
    "pk": 33, 
    "model": "ask.choice", 
    "fields": {
      "is_default_value": false, 
      "choiceset": 9, 
      "score": 1, 
      "order": 1, 
      "label": "Heartburn"
    }
  }, 
  {
    "pk": 40, 
    "model": "ask.choice", 
    "fields": {
      "is_default_value": false, 
      "choiceset": 10, 
      "score": 1, 
      "order": 1, 
      "label": "Not too bad"
    }
  }, 
  {
    "pk": 48, 
    "model": "ask.choice", 
    "fields": {
      "is_default_value": false, 
      "choiceset": 11, 
      "score": 1, 
      "order": 1, 
      "label": "Several days"
    }
  }, 
  {
    "pk": 52, 
    "model": "ask.choice", 
    "fields": {
      "is_default_value": false, 
      "choiceset": 12, 
      "score": 1, 
      "order": 1, 
      "label": "Several days"
    }
  }, 
  {
    "pk": 56, 
    "model": "ask.choice", 
    "fields": {
      "is_default_value": false, 
      "choiceset": 13, 
      "score": 1, 
      "order": 1, 
      "label": ""
    }
  }, 
  {
    "pk": 62, 
    "model": "ask.choice", 
    "fields": {
      "is_default_value": false, 
      "choiceset": 14, 
      "score": 1, 
      "order": 1, 
      "label": "Disagree"
    }
  }, 
  {
    "pk": 272, 
    "model": "ask.choice", 
    "fields": {
      "is_default_value": false, 
      "choiceset": 94, 
      "score": 1, 
      "order": 1, 
      "label": "Nothing"
    }
  }, 
  {
    "pk": 273, 
    "model": "ask.choice", 
    "fields": {
      "is_default_value": false, 
      "choiceset": 100, 
      "score": 0, 
      "order": 1, 
      "label": "I have been told what to do and the doctor/nurse has given me written instructions "
    }
  }, 
  {
    "pk": 274, 
    "model": "ask.choice", 
    "fields": {
      "is_default_value": false, 
      "choiceset": 95, 
      "score": 0, 
      "order": 1, 
      "label": "Yes and I know what to do"
    }
  }, 
  {
    "pk": 275, 
    "model": "ask.choice", 
    "fields": {
      "is_default_value": false, 
      "choiceset": 98, 
      "score": 1, 
      "order": 1, 
      "label": "Now that my disease is being treated, I will probably get better"
    }
  }, 
  {
    "pk": 276, 
    "model": "ask.choice", 
    "fields": {
      "is_default_value": false, 
      "choiceset": 101, 
      "score": 0, 
      "order": 1, 
      "label": "I have been told what to do and the doctor/nurse has given me written instructions "
    }
  }, 
  {
    "pk": 277, 
    "model": "ask.choice", 
    "fields": {
      "is_default_value": false, 
      "choiceset": 99, 
      "score": 0, 
      "order": 1, 
      "label": "Never smoked (skip the next 2 questions)"
    }
  }, 
  {
    "pk": 278, 
    "model": "ask.choice", 
    "fields": {
      "is_default_value": false, 
      "choiceset": 96, 
      "score": 0, 
      "order": 1, 
      "label": "I push myself as much as I can"
    }
  }, 
  {
    "pk": 279, 
    "model": "ask.choice", 
    "fields": {
      "is_default_value": false, 
      "choiceset": 97, 
      "score": 0, 
      "order": 1, 
      "label": "I understand everything I need to know"
    }
  }, 
  {
    "pk": 302, 
    "model": "ask.choice", 
    "fields": {
      "is_default_value": false, 
      "choiceset": 102, 
      "score": 1, 
      "order": 1, 
      "label": "COPD"
    }
  }, 
  {
    "pk": 240, 
    "model": "ask.choice", 
    "fields": {
      "is_default_value": false, 
      "choiceset": 85, 
      "score": 1, 
      "order": 1, 
      "label": "Yes"
    }
  }, 
  {
    "pk": 14, 
    "model": "ask.choice", 
    "fields": {
      "is_default_value": false, 
      "choiceset": 5, 
      "score": 2, 
      "order": 2, 
      "label": "Once a day"
    }
  }, 
  {
    "pk": 53, 
    "model": "ask.choice", 
    "fields": {
      "is_default_value": false, 
      "choiceset": 12, 
      "score": 2, 
      "order": 2, 
      "label": "More than half the days"
    }
  }, 
  {
    "pk": 9, 
    "model": "ask.choice", 
    "fields": {
      "is_default_value": false, 
      "choiceset": 4, 
      "score": 2, 
      "order": 2, 
      "label": "Most of the time"
    }
  }, 
  {
    "pk": 2, 
    "model": "ask.choice", 
    "fields": {
      "is_default_value": false, 
      "choiceset": 1, 
      "score": 0, 
      "order": 2, 
      "label": "Male"
    }
  }, 
  {
    "pk": 286, 
    "model": "ask.choice", 
    "fields": {
      "is_default_value": false, 
      "choiceset": 96, 
      "score": 1, 
      "order": 2, 
      "label": "I make an effort"
    }
  }, 
  {
    "pk": 57, 
    "model": "ask.choice", 
    "fields": {
      "is_default_value": false, 
      "choiceset": 13, 
      "score": 2, 
      "order": 2, 
      "label": ""
    }
  }, 
  {
    "pk": 24, 
    "model": "ask.choice", 
    "fields": {
      "is_default_value": false, 
      "choiceset": 7, 
      "score": 2, 
      "order": 2, 
      "label": "1 or 2 times per day"
    }
  }, 
  {
    "pk": 281, 
    "model": "ask.choice", 
    "fields": {
      "is_default_value": false, 
      "choiceset": 95, 
      "score": 1, 
      "order": 2, 
      "label": "Yes but I am unsure what to do "
    }
  }, 
  {
    "pk": 280, 
    "model": "ask.choice", 
    "fields": {
      "is_default_value": false, 
      "choiceset": 99, 
      "score": 1, 
      "order": 2, 
      "label": "Used to smoke but don't now  (skip the next 2 questions)"
    }
  }, 
  {
    "pk": 303, 
    "model": "ask.choice", 
    "fields": {
      "is_default_value": false, 
      "choiceset": 102, 
      "score": 2, 
      "order": 2, 
      "label": "Asthma"
    }
  }, 
  {
    "pk": 41, 
    "model": "ask.choice", 
    "fields": {
      "is_default_value": false, 
      "choiceset": 10, 
      "score": 2, 
      "order": 2, 
      "label": ""
    }
  }, 
  {
    "pk": 63, 
    "model": "ask.choice", 
    "fields": {
      "is_default_value": false, 
      "choiceset": 14, 
      "score": 2, 
      "order": 2, 
      "label": ""
    }
  }, 
  {
    "pk": 34, 
    "model": "ask.choice", 
    "fields": {
      "is_default_value": false, 
      "choiceset": 9, 
      "score": 2, 
      "order": 2, 
      "label": "Constipation"
    }
  }, 
  {
    "pk": 241, 
    "model": "ask.choice", 
    "fields": {
      "is_default_value": false, 
      "choiceset": 85, 
      "score": 0, 
      "order": 2, 
      "label": "No"
    }
  }, 
  {
    "pk": 285, 
    "model": "ask.choice", 
    "fields": {
      "is_default_value": false, 
      "choiceset": 100, 
      "score": 1, 
      "order": 2, 
      "label": "I have been told but it is not written on paper"
    }
  }, 
  {
    "pk": 284, 
    "model": "ask.choice", 
    "fields": {
      "is_default_value": false, 
      "choiceset": 97, 
      "score": 1, 
      "order": 2, 
      "label": "I understand what I have been told but I would like to know more"
    }
  }, 
  {
    "pk": 283, 
    "model": "ask.choice", 
    "fields": {
      "is_default_value": false, 
      "choiceset": 94, 
      "score": 2, 
      "order": 2, 
      "label": "Lose or gain weight "
    }
  }, 
  {
    "pk": 282, 
    "model": "ask.choice", 
    "fields": {
      "is_default_value": false, 
      "choiceset": 98, 
      "score": 2, 
      "order": 2, 
      "label": "Now that my disease is being treated, I will probably stay the same"
    }
  }, 
  {
    "pk": 29, 
    "model": "ask.choice", 
    "fields": {
      "is_default_value": false, 
      "choiceset": 8, 
      "score": 2, 
      "order": 2, 
      "label": "Poorly controlled"
    }
  }, 
  {
    "pk": 19, 
    "model": "ask.choice", 
    "fields": {
      "is_default_value": false, 
      "choiceset": 6, 
      "score": 2, 
      "order": 2, 
      "label": "2 or 3 nights a week"
    }
  }, 
  {
    "pk": 49, 
    "model": "ask.choice", 
    "fields": {
      "is_default_value": false, 
      "choiceset": 11, 
      "score": 2, 
      "order": 2, 
      "label": "More than half the days"
    }
  }, 
  {
    "pk": 287, 
    "model": "ask.choice", 
    "fields": {
      "is_default_value": false, 
      "choiceset": 101, 
      "score": 1, 
      "order": 2, 
      "label": "I have been told but it isn't written on paper "
    }
  }, 
  {
    "pk": 6, 
    "model": "ask.choice", 
    "fields": {
      "is_default_value": false, 
      "choiceset": 3, 
      "score": 2, 
      "order": 2, 
      "label": "Green"
    }
  }, 
  {
    "pk": 7, 
    "model": "ask.choice", 
    "fields": {
      "is_default_value": false, 
      "choiceset": 3, 
      "score": 3, 
      "order": 3, 
      "label": "Red"
    }
  }, 
  {
    "pk": 30, 
    "model": "ask.choice", 
    "fields": {
      "is_default_value": false, 
      "choiceset": 8, 
      "score": 3, 
      "order": 3, 
      "label": "Somewhat controlled"
    }
  }, 
  {
    "pk": 290, 
    "model": "ask.choice", 
    "fields": {
      "is_default_value": false, 
      "choiceset": 97, 
      "score": 2, 
      "order": 3, 
      "label": "I am slightly confused about my medicines "
    }
  }, 
  {
    "pk": 35, 
    "model": "ask.choice", 
    "fields": {
      "is_default_value": false, 
      "choiceset": 9, 
      "score": 3, 
      "order": 3, 
      "label": "Diarrhoea "
    }
  }, 
  {
    "pk": 291, 
    "model": "ask.choice", 
    "fields": {
      "is_default_value": false, 
      "choiceset": 101, 
      "score": 2, 
      "order": 3, 
      "label": "I haven't been told but I know what to do "
    }
  }, 
  {
    "pk": 42, 
    "model": "ask.choice", 
    "fields": {
      "is_default_value": false, 
      "choiceset": 10, 
      "score": 3, 
      "order": 3, 
      "label": ""
    }
  }, 
  {
    "pk": 292, 
    "model": "ask.choice", 
    "fields": {
      "is_default_value": false, 
      "choiceset": 99, 
      "score": 2, 
      "order": 3, 
      "label": "Still smoking"
    }
  }, 
  {
    "pk": 50, 
    "model": "ask.choice", 
    "fields": {
      "is_default_value": false, 
      "choiceset": 11, 
      "score": 3, 
      "order": 3, 
      "label": "Nearly every day"
    }
  }, 
  {
    "pk": 293, 
    "model": "ask.choice", 
    "fields": {
      "is_default_value": false, 
      "choiceset": 95, 
      "score": 2, 
      "order": 3, 
      "label": "Yes but I am unable to do it"
    }
  }, 
  {
    "pk": 54, 
    "model": "ask.choice", 
    "fields": {
      "is_default_value": false, 
      "choiceset": 12, 
      "score": 3, 
      "order": 3, 
      "label": "Nearly every day"
    }
  }, 
  {
    "pk": 294, 
    "model": "ask.choice", 
    "fields": {
      "is_default_value": false, 
      "choiceset": 96, 
      "score": 2, 
      "order": 3, 
      "label": "As little as possible"
    }
  }, 
  {
    "pk": 58, 
    "model": "ask.choice", 
    "fields": {
      "is_default_value": false, 
      "choiceset": 13, 
      "score": 3, 
      "order": 3, 
      "label": ""
    }
  }, 
  {
    "pk": 295, 
    "model": "ask.choice", 
    "fields": {
      "is_default_value": false, 
      "choiceset": 94, 
      "score": 3, 
      "order": 3, 
      "label": "Eat healthy food"
    }
  }, 
  {
    "pk": 64, 
    "model": "ask.choice", 
    "fields": {
      "is_default_value": false, 
      "choiceset": 14, 
      "score": 3, 
      "order": 3, 
      "label": ""
    }
  }, 
  {
    "pk": 10, 
    "model": "ask.choice", 
    "fields": {
      "is_default_value": false, 
      "choiceset": 4, 
      "score": 3, 
      "order": 3, 
      "label": "Some of the time"
    }
  }, 
  {
    "pk": 15, 
    "model": "ask.choice", 
    "fields": {
      "is_default_value": false, 
      "choiceset": 5, 
      "score": 3, 
      "order": 3, 
      "label": "3 to 6 times a week"
    }
  }, 
  {
    "pk": 20, 
    "model": "ask.choice", 
    "fields": {
      "is_default_value": false, 
      "choiceset": 6, 
      "score": 3, 
      "order": 3, 
      "label": "Once a week"
    }
  }, 
  {
    "pk": 288, 
    "model": "ask.choice", 
    "fields": {
      "is_default_value": false, 
      "choiceset": 100, 
      "score": 2, 
      "order": 3, 
      "label": "I haven't been told but I know what to do"
    }
  }, 
  {
    "pk": 25, 
    "model": "ask.choice", 
    "fields": {
      "is_default_value": false, 
      "choiceset": 7, 
      "score": 3, 
      "order": 3, 
      "label": "2 or 3 times per week"
    }
  }, 
  {
    "pk": 289, 
    "model": "ask.choice", 
    "fields": {
      "is_default_value": false, 
      "choiceset": 98, 
      "score": 3, 
      "order": 3, 
      "label": "I will get worse "
    }
  }, 
  {
    "pk": 298, 
    "model": "ask.choice", 
    "fields": {
      "is_default_value": false, 
      "choiceset": 97, 
      "score": 3, 
      "order": 4, 
      "label": "I am very confused about my medicines"
    }
  }, 
  {
    "pk": 299, 
    "model": "ask.choice", 
    "fields": {
      "is_default_value": false, 
      "choiceset": 98, 
      "score": 4, 
      "order": 4, 
      "label": "I have no idea"
    }
  }, 
  {
    "pk": 300, 
    "model": "ask.choice", 
    "fields": {
      "is_default_value": false, 
      "choiceset": 95, 
      "score": 3, 
      "order": 4, 
      "label": "No"
    }
  }, 
  {
    "pk": 301, 
    "model": "ask.choice", 
    "fields": {
      "is_default_value": false, 
      "choiceset": 101, 
      "score": 3, 
      "order": 4, 
      "label": "I haven't been told and I am uncertain when an ambulance should be called "
    }
  }, 
  {
    "pk": 65, 
    "model": "ask.choice", 
    "fields": {
      "is_default_value": false, 
      "choiceset": 14, 
      "score": 4, 
      "order": 4, 
      "label": ""
    }
  }, 
  {
    "pk": 59, 
    "model": "ask.choice", 
    "fields": {
      "is_default_value": false, 
      "choiceset": 13, 
      "score": 4, 
      "order": 4, 
      "label": ""
    }
  }, 
  {
    "pk": 43, 
    "model": "ask.choice", 
    "fields": {
      "is_default_value": false, 
      "choiceset": 10, 
      "score": 4, 
      "order": 4, 
      "label": ""
    }
  }, 
  {
    "pk": 26, 
    "model": "ask.choice", 
    "fields": {
      "is_default_value": false, 
      "choiceset": 7, 
      "score": 4, 
      "order": 4, 
      "label": "Once a week or less"
    }
  }, 
  {
    "pk": 11, 
    "model": "ask.choice", 
    "fields": {
      "is_default_value": false, 
      "choiceset": 4, 
      "score": 4, 
      "order": 4, 
      "label": "A little of the time"
    }
  }, 
  {
    "pk": 31, 
    "model": "ask.choice", 
    "fields": {
      "is_default_value": false, 
      "choiceset": 8, 
      "score": 4, 
      "order": 4, 
      "label": "Well controlled"
    }
  }, 
  {
    "pk": 16, 
    "model": "ask.choice", 
    "fields": {
      "is_default_value": false, 
      "choiceset": 5, 
      "score": 4, 
      "order": 4, 
      "label": "Once or twice a week"
    }
  }, 
  {
    "pk": 36, 
    "model": "ask.choice", 
    "fields": {
      "is_default_value": false, 
      "choiceset": 9, 
      "score": 4, 
      "order": 4, 
      "label": "Back pain"
    }
  }, 
  {
    "pk": 21, 
    "model": "ask.choice", 
    "fields": {
      "is_default_value": false, 
      "choiceset": 6, 
      "score": 4, 
      "order": 4, 
      "label": "Once or twice"
    }
  }, 
  {
    "pk": 296, 
    "model": "ask.choice", 
    "fields": {
      "is_default_value": false, 
      "choiceset": 100, 
      "score": 3, 
      "order": 4, 
      "label": "I haven't been told and I don\u2019t know what to do"
    }
  }, 
  {
    "pk": 297, 
    "model": "ask.choice", 
    "fields": {
      "is_default_value": false, 
      "choiceset": 94, 
      "score": 4, 
      "order": 4, 
      "label": "Eat several small meals per day \"(e.g., 6 small meals per day instead of 3 large ones)"
    }
  }, 
  {
    "pk": 22, 
    "model": "ask.choice", 
    "fields": {
      "is_default_value": false, 
      "choiceset": 6, 
      "score": 5, 
      "order": 5, 
      "label": "Not at all"
    }
  }, 
  {
    "pk": 37, 
    "model": "ask.choice", 
    "fields": {
      "is_default_value": false, 
      "choiceset": 9, 
      "score": 5, 
      "order": 5, 
      "label": "Painful joints"
    }
  }, 
  {
    "pk": 66, 
    "model": "ask.choice", 
    "fields": {
      "is_default_value": false, 
      "choiceset": 14, 
      "score": 5, 
      "order": 5, 
      "label": ""
    }
  }, 
  {
    "pk": 17, 
    "model": "ask.choice", 
    "fields": {
      "is_default_value": false, 
      "choiceset": 5, 
      "score": 5, 
      "order": 5, 
      "label": "Not at all"
    }
  }, 
  {
    "pk": 60, 
    "model": "ask.choice", 
    "fields": {
      "is_default_value": false, 
      "choiceset": 13, 
      "score": 5, 
      "order": 5, 
      "label": ""
    }
  }, 
  {
    "pk": 32, 
    "model": "ask.choice", 
    "fields": {
      "is_default_value": false, 
      "choiceset": 8, 
      "score": 5, 
      "order": 5, 
      "label": "Completely controlled"
    }
  }, 
  {
    "pk": 44, 
    "model": "ask.choice", 
    "fields": {
      "is_default_value": false, 
      "choiceset": 10, 
      "score": 5, 
      "order": 5, 
      "label": ""
    }
  }, 
  {
    "pk": 27, 
    "model": "ask.choice", 
    "fields": {
      "is_default_value": false, 
      "choiceset": 7, 
      "score": 5, 
      "order": 5, 
      "label": "Not at all"
    }
  }, 
  {
    "pk": 12, 
    "model": "ask.choice", 
    "fields": {
      "is_default_value": false, 
      "choiceset": 4, 
      "score": 5, 
      "order": 5, 
      "label": "None of the time"
    }
  }, 
  {
    "pk": 38, 
    "model": "ask.choice", 
    "fields": {
      "is_default_value": false, 
      "choiceset": 9, 
      "score": 6, 
      "order": 6, 
      "label": "Feeling tired for no reason"
    }
  }, 
  {
    "pk": 67, 
    "model": "ask.choice", 
    "fields": {
      "is_default_value": false, 
      "choiceset": 14, 
      "score": 6, 
      "order": 6, 
      "label": ""
    }
  }, 
  {
    "pk": 45, 
    "model": "ask.choice", 
    "fields": {
      "is_default_value": false, 
      "choiceset": 10, 
      "score": 6, 
      "order": 6, 
      "label": ""
    }
  }, 
  {
    "pk": 61, 
    "model": "ask.choice", 
    "fields": {
      "is_default_value": false, 
      "choiceset": 13, 
      "score": 6, 
      "order": 6, 
      "label": "Very helpful"
    }
  }, 
  {
    "pk": 39, 
    "model": "ask.choice", 
    "fields": {
      "is_default_value": false, 
      "choiceset": 9, 
      "score": 7, 
      "order": 7, 
      "label": "Headache or migraine"
    }
  }, 
  {
    "pk": 46, 
    "model": "ask.choice", 
    "fields": {
      "is_default_value": false, 
      "choiceset": 10, 
      "score": 7, 
      "order": 7, 
      "label": "Makes my life a misery"
    }
  }, 
  {
    "pk": 68, 
    "model": "ask.choice", 
    "fields": {
      "is_default_value": false, 
      "choiceset": 14, 
      "score": 7, 
      "order": 7, 
      "label": "Agree"
    }
  }, 
  {
    "pk": 69, 
    "model": "ask.choice", 
    "fields": {
      "is_default_value": false, 
      "choiceset": 14, 
      "score": 9999, 
      "order": 8, 
      "label": "Not applicable"
    }
  }, 
  {
    "pk": 105, 
    "model": "ask.question", 
    "fields": {
      "showif": null, 
      "q_type": "likert", 
      "allow_not_applicable": false, 
      "score_mapping": null, 
      "display_instrument": null, 
      "text": "Test likert", 
      "choiceset": 4, 
      "required": true, 
      "order": -2, 
      "instrument": null, 
      "variable_name": "demo1", 
      "help_text": "", 
      "widget_kwargs": "", 
      "audio": "", 
      "page": 26, 
      "field_kwargs": ""
    }
  }, 
  {
    "pk": 14, 
    "model": "ask.question", 
    "fields": {
      "showif": null, 
      "q_type": "instruction", 
      "allow_not_applicable": false, 
      "score_mapping": null, 
      "display_instrument": null, 
      "text": "Thanks. Goodbye.", 
      "choiceset": null, 
      "required": false, 
      "order": 0, 
      "instrument": null, 
      "variable_name": "thanks", 
      "help_text": "", 
      "widget_kwargs": "", 
      "audio": "", 
      "page": null, 
      "field_kwargs": ""
    }
  }, 
  {
    "pk": 13, 
    "model": "ask.question", 
    "fields": {
      "showif": null, 
      "q_type": "likert", 
      "allow_not_applicable": false, 
      "score_mapping": null, 
      "display_instrument": null, 
      "text": "Do you like cheese? Press 1 for yes. Zero for no.", 
      "choiceset": 2, 
      "required": false, 
      "order": 0, 
      "instrument": null, 
      "variable_name": "doyoulikecheese", 
      "help_text": "", 
      "widget_kwargs": "", 
      "audio": "", 
      "page": null, 
      "field_kwargs": ""
    }
  }, 
  {
    "pk": 16, 
    "model": "ask.question", 
    "fields": {
      "showif": null, 
      "q_type": "likert", 
      "allow_not_applicable": false, 
      "score_mapping": null, 
      "display_instrument": null, 
      "text": "Would you like us to demonstrate Signalbox by sending an email, an SMS message, and calling the mobile telephone number you provided?", 
      "choiceset": 2, 
      "required": false, 
      "order": 0, 
      "instrument": null, 
      "variable_name": "like_an_sms_and_call", 
      "help_text": "", 
      "widget_kwargs": "", 
      "audio": "", 
      "page": null, 
      "field_kwargs": ""
    }
  }, 
  {
    "pk": 21, 
    "model": "ask.question", 
    "fields": {
      "showif": null, 
      "q_type": "likert", 
      "allow_not_applicable": false, 
      "score_mapping": null, 
      "display_instrument": null, 
      "text": "How would you rate your asthma control during the past 4 weeks?", 
      "choiceset": 8, 
      "required": false, 
      "order": 0, 
      "instrument": null, 
      "variable_name": "acq5", 
      "help_text": "", 
      "widget_kwargs": "", 
      "audio": "", 
      "page": null, 
      "field_kwargs": ""
    }
  }, 
  {
    "pk": 20, 
    "model": "ask.question", 
    "fields": {
      "showif": null, 
      "q_type": "likert", 
      "allow_not_applicable": false, 
      "score_mapping": null, 
      "display_instrument": null, 
      "text": "During the **past 4 weeks**, how often have you used your reliever inhaler (usually blue)?", 
      "choiceset": 7, 
      "required": false, 
      "order": 0, 
      "instrument": null, 
      "variable_name": "acq4", 
      "help_text": "", 
      "widget_kwargs": "", 
      "audio": "", 
      "page": null, 
      "field_kwargs": ""
    }
  }, 
  {
    "pk": 17, 
    "model": "ask.question", 
    "fields": {
      "showif": null, 
      "q_type": "likert", 
      "allow_not_applicable": false, 
      "score_mapping": null, 
      "display_instrument": null, 
      "text": "In the **past 4 weeks**, how much of the time did your asthma keep you from getting as much done at work, school or at home?\r\n", 
      "choiceset": 4, 
      "required": false, 
      "order": 0, 
      "instrument": null, 
      "variable_name": "acq1", 
      "help_text": "", 
      "widget_kwargs": "", 
      "audio": "", 
      "page": null, 
      "field_kwargs": ""
    }
  }, 
  {
    "pk": 18, 
    "model": "ask.question", 
    "fields": {
      "showif": null, 
      "q_type": "likert", 
      "allow_not_applicable": false, 
      "score_mapping": null, 
      "display_instrument": null, 
      "text": "During the **past 4 weeks**, how often have you had shortness of breath?", 
      "choiceset": 5, 
      "required": false, 
      "order": 0, 
      "instrument": null, 
      "variable_name": "acq2", 
      "help_text": "", 
      "widget_kwargs": "", 
      "audio": "", 
      "page": null, 
      "field_kwargs": ""
    }
  }, 
  {
    "pk": 19, 
    "model": "ask.question", 
    "fields": {
      "showif": null, 
      "q_type": "likert", 
      "allow_not_applicable": false, 
      "score_mapping": null, 
      "display_instrument": null, 
      "text": "During the **past 4 weeks**, how often did your asthma symptoms (wheezing, coughing, shortness of breath, chest tightness or pain) wake you up at night or earlier than usual in the morning?", 
      "choiceset": 6, 
      "required": false, 
      "order": 0, 
      "instrument": null, 
      "variable_name": "acq3", 
      "help_text": "", 
      "widget_kwargs": "", 
      "audio": "", 
      "page": null, 
      "field_kwargs": ""
    }
  }, 
  {
    "pk": 22, 
    "model": "ask.question", 
    "fields": {
      "showif": null, 
      "q_type": "checkboxes", 
      "allow_not_applicable": false, 
      "score_mapping": null, 
      "display_instrument": null, 
      "text": "In the last month have you experienced any of the following?\r\n\r\n", 
      "choiceset": 9, 
      "required": false, 
      "order": 0, 
      "instrument": null, 
      "variable_name": "other_health_complaints_list", 
      "help_text": "", 
      "widget_kwargs": "", 
      "audio": "", 
      "page": null, 
      "field_kwargs": ""
    }
  }, 
  {
    "pk": 23, 
    "model": "ask.question", 
    "fields": {
      "showif": null, 
      "q_type": "instruction", 
      "allow_not_applicable": false, 
      "score_mapping": null, 
      "display_instrument": null, 
      "text": "Edit your new question", 
      "choiceset": null, 
      "required": false, 
      "order": 0, 
      "instrument": null, 
      "variable_name": "testconditional", 
      "help_text": null, 
      "widget_kwargs": "", 
      "audio": "", 
      "page": null, 
      "field_kwargs": ""
    }
  }, 
  {
    "pk": 24, 
    "model": "ask.question", 
    "fields": {
      "showif": null, 
      "q_type": "webcam", 
      "allow_not_applicable": false, 
      "score_mapping": null, 
      "display_instrument": null, 
      "text": "Please capture an image of your whole face.", 
      "choiceset": null, 
      "required": false, 
      "order": 0, 
      "instrument": null, 
      "variable_name": "webcam_demo", 
      "help_text": "", 
      "widget_kwargs": "", 
      "audio": "", 
      "page": null, 
      "field_kwargs": ""
    }
  }, 
  {
    "pk": 25, 
    "model": "ask.question", 
    "fields": {
      "showif": null, 
      "q_type": "likert", 
      "allow_not_applicable": false, 
      "score_mapping": null, 
      "display_instrument": null, 
      "text": "How bad was the **Heartburn**?", 
      "choiceset": 10, 
      "required": false, 
      "order": 0, 
      "instrument": null, 
      "variable_name": "sev_bad_was_heartburn", 
      "help_text": null, 
      "widget_kwargs": "", 
      "audio": "", 
      "page": null, 
      "field_kwargs": ""
    }
  }, 
  {
    "pk": 26, 
    "model": "ask.question", 
    "fields": {
      "showif": null, 
      "q_type": "likert", 
      "allow_not_applicable": false, 
      "score_mapping": null, 
      "display_instrument": null, 
      "text": "How bad was the **Constipation**?", 
      "choiceset": 10, 
      "required": false, 
      "order": 0, 
      "instrument": null, 
      "variable_name": "sev_bad_was_constipation", 
      "help_text": null, 
      "widget_kwargs": "", 
      "audio": "", 
      "page": null, 
      "field_kwargs": ""
    }
  }, 
  {
    "pk": 27, 
    "model": "ask.question", 
    "fields": {
      "showif": null, 
      "q_type": "likert", 
      "allow_not_applicable": false, 
      "score_mapping": null, 
      "display_instrument": null, 
      "text": "How bad was the **Diarrhoea **?", 
      "choiceset": 10, 
      "required": false, 
      "order": 0, 
      "instrument": null, 
      "variable_name": "sev_bad_was_diarrhoea", 
      "help_text": null, 
      "widget_kwargs": "", 
      "audio": "", 
      "page": null, 
      "field_kwargs": ""
    }
  }, 
  {
    "pk": 28, 
    "model": "ask.question", 
    "fields": {
      "showif": null, 
      "q_type": "likert", 
      "allow_not_applicable": false, 
      "score_mapping": null, 
      "display_instrument": null, 
      "text": "How bad was the **Back pain**?", 
      "choiceset": 10, 
      "required": false, 
      "order": 0, 
      "instrument": null, 
      "variable_name": "sev_bad_was_back_pain", 
      "help_text": null, 
      "widget_kwargs": "", 
      "audio": "", 
      "page": null, 
      "field_kwargs": ""
    }
  }, 
  {
    "pk": 29, 
    "model": "ask.question", 
    "fields": {
      "showif": null, 
      "q_type": "likert", 
      "allow_not_applicable": false, 
      "score_mapping": null, 
      "display_instrument": null, 
      "text": "How bad was the **Painful joints**?", 
      "choiceset": 10, 
      "required": false, 
      "order": 0, 
      "instrument": null, 
      "variable_name": "sev_bad_was_painful_joints", 
      "help_text": null, 
      "widget_kwargs": "", 
      "audio": "", 
      "page": null, 
      "field_kwargs": ""
    }
  }, 
  {
    "pk": 30, 
    "model": "ask.question", 
    "fields": {
      "showif": null, 
      "q_type": "likert", 
      "allow_not_applicable": false, 
      "score_mapping": null, 
      "display_instrument": null, 
      "text": "How bad was the **Feeling tired for no reason**?", 
      "choiceset": 10, 
      "required": false, 
      "order": 0, 
      "instrument": null, 
      "variable_name": "sev_bad_was_feeling_tired_no_r", 
      "help_text": null, 
      "widget_kwargs": "", 
      "audio": "", 
      "page": null, 
      "field_kwargs": ""
    }
  }, 
  {
    "pk": 31, 
    "model": "ask.question", 
    "fields": {
      "showif": null, 
      "q_type": "likert", 
      "allow_not_applicable": false, 
      "score_mapping": null, 
      "display_instrument": null, 
      "text": "How bad was the **Headache or migraine**?", 
      "choiceset": 10, 
      "required": false, 
      "order": 0, 
      "instrument": null, 
      "variable_name": "sev_bad_was_headache_or_migrai", 
      "help_text": null, 
      "widget_kwargs": "", 
      "audio": "", 
      "page": null, 
      "field_kwargs": ""
    }
  }, 
  {
    "pk": 47, 
    "model": "ask.question", 
    "fields": {
      "showif": null, 
      "q_type": "likert", 
      "allow_not_applicable": false, 
      "score_mapping": null, 
      "display_instrument": null, 
      "text": "Little interest or pleasure in doing things? ", 
      "choiceset": 11, 
      "required": false, 
      "order": 0, 
      "instrument": null, 
      "variable_name": "phq9_little_interest_or_pleasu", 
      "help_text": null, 
      "widget_kwargs": "", 
      "audio": "", 
      "page": null, 
      "field_kwargs": ""
    }
  }, 
  {
    "pk": 48, 
    "model": "ask.question", 
    "fields": {
      "showif": null, 
      "q_type": "likert", 
      "allow_not_applicable": false, 
      "score_mapping": null, 
      "display_instrument": null, 
      "text": "Feeling down, depressed, or hopeless? ", 
      "choiceset": 11, 
      "required": false, 
      "order": 0, 
      "instrument": null, 
      "variable_name": "phq9_feeling_down_depressed_or", 
      "help_text": null, 
      "widget_kwargs": "", 
      "audio": "", 
      "page": null, 
      "field_kwargs": ""
    }
  }, 
  {
    "pk": 49, 
    "model": "ask.question", 
    "fields": {
      "showif": null, 
      "q_type": "likert", 
      "allow_not_applicable": false, 
      "score_mapping": null, 
      "display_instrument": null, 
      "text": "Trouble falling or staying asleep, or sleeping too much? ", 
      "choiceset": 11, 
      "required": false, 
      "order": 0, 
      "instrument": null, 
      "variable_name": "phq9_trouble_falling_or_stayin", 
      "help_text": null, 
      "widget_kwargs": "", 
      "audio": "", 
      "page": null, 
      "field_kwargs": ""
    }
  }, 
  {
    "pk": 50, 
    "model": "ask.question", 
    "fields": {
      "showif": null, 
      "q_type": "likert", 
      "allow_not_applicable": false, 
      "score_mapping": null, 
      "display_instrument": null, 
      "text": "Feeling tired or having little energy?", 
      "choiceset": 11, 
      "required": false, 
      "order": 0, 
      "instrument": null, 
      "variable_name": "phq9_feeling_tired_or_having_l", 
      "help_text": null, 
      "widget_kwargs": "", 
      "audio": "", 
      "page": null, 
      "field_kwargs": ""
    }
  }, 
  {
    "pk": 51, 
    "model": "ask.question", 
    "fields": {
      "showif": null, 
      "q_type": "likert", 
      "allow_not_applicable": false, 
      "score_mapping": null, 
      "display_instrument": null, 
      "text": "Poor appetite or overeating?", 
      "choiceset": 11, 
      "required": false, 
      "order": 0, 
      "instrument": null, 
      "variable_name": "phq9_poor_appetite_or_overeati", 
      "help_text": null, 
      "widget_kwargs": "", 
      "audio": "", 
      "page": null, 
      "field_kwargs": ""
    }
  }, 
  {
    "pk": 52, 
    "model": "ask.question", 
    "fields": {
      "showif": null, 
      "q_type": "likert", 
      "allow_not_applicable": false, 
      "score_mapping": null, 
      "display_instrument": null, 
      "text": "Feeling bad about yourself - or that you are a failure or have let yourself or your family down? ", 
      "choiceset": 11, 
      "required": false, 
      "order": 0, 
      "instrument": null, 
      "variable_name": "phq9_feeling_bad_yourself_or_t", 
      "help_text": null, 
      "widget_kwargs": "", 
      "audio": "", 
      "page": null, 
      "field_kwargs": ""
    }
  }, 
  {
    "pk": 53, 
    "model": "ask.question", 
    "fields": {
      "showif": null, 
      "q_type": "likert", 
      "allow_not_applicable": false, 
      "score_mapping": null, 
      "display_instrument": null, 
      "text": "Trouble concentrating on things, such as reading the newspaper or watching television?", 
      "choiceset": 11, 
      "required": false, 
      "order": 0, 
      "instrument": null, 
      "variable_name": "phq9_trouble_concentrating_on_", 
      "help_text": null, 
      "widget_kwargs": "", 
      "audio": "", 
      "page": null, 
      "field_kwargs": ""
    }
  }, 
  {
    "pk": 54, 
    "model": "ask.question", 
    "fields": {
      "showif": null, 
      "q_type": "likert", 
      "allow_not_applicable": false, 
      "score_mapping": null, 
      "display_instrument": null, 
      "text": "Moving or speaking so slowly that other people could have noticed? Or the opposite - being so fidgety or restless that you have been moving around a lot more than usual?", 
      "choiceset": 11, 
      "required": false, 
      "order": 0, 
      "instrument": null, 
      "variable_name": "phq9_moving_or_speaking_so_slo", 
      "help_text": null, 
      "widget_kwargs": "", 
      "audio": "", 
      "page": null, 
      "field_kwargs": ""
    }
  }, 
  {
    "pk": 55, 
    "model": "ask.question", 
    "fields": {
      "showif": null, 
      "q_type": "likert", 
      "allow_not_applicable": false, 
      "score_mapping": null, 
      "display_instrument": null, 
      "text": "Thoughts that you would be better off dead, or of hurting yourself in some way?", 
      "choiceset": 11, 
      "required": false, 
      "order": 0, 
      "instrument": null, 
      "variable_name": "phq9_thoughts_that_you_would_b", 
      "help_text": null, 
      "widget_kwargs": "", 
      "audio": "", 
      "page": null, 
      "field_kwargs": ""
    }
  }, 
  {
    "pk": 56, 
    "model": "ask.question", 
    "fields": {
      "showif": null, 
      "q_type": "instruction", 
      "allow_not_applicable": false, 
      "score_mapping": null, 
      "display_instrument": null, 
      "text": "### Over the last 2 weeks, how often have you been bothered by any of the following problems? ", 
      "choiceset": null, 
      "required": false, 
      "order": 0, 
      "instrument": null, 
      "variable_name": "phq9_intro", 
      "help_text": "", 
      "widget_kwargs": "", 
      "audio": "", 
      "page": null, 
      "field_kwargs": ""
    }
  }, 
  {
    "pk": 57, 
    "model": "ask.question", 
    "fields": {
      "showif": null, 
      "q_type": "likert", 
      "allow_not_applicable": false, 
      "score_mapping": null, 
      "display_instrument": null, 
      "text": "Feeling nervous, anxious, or on edge", 
      "choiceset": 12, 
      "required": false, 
      "order": 0, 
      "instrument": null, 
      "variable_name": "gad7_feeling_nervous_anxious_o", 
      "help_text": null, 
      "widget_kwargs": "", 
      "audio": "", 
      "page": null, 
      "field_kwargs": ""
    }
  }, 
  {
    "pk": 11, 
    "model": "ask.question", 
    "fields": {
      "showif": null, 
      "q_type": "hangup", 
      "allow_not_applicable": false, 
      "score_mapping": null, 
      "display_instrument": null, 
      "text": "", 
      "choiceset": null, 
      "required": false, 
      "order": 0, 
      "instrument": null, 
      "variable_name": "hangup", 
      "help_text": "", 
      "widget_kwargs": "", 
      "audio": "", 
      "page": null, 
      "field_kwargs": ""
    }
  }, 
  {
    "pk": 6, 
    "model": "ask.question", 
    "fields": {
      "showif": null, 
      "q_type": "instruction", 
      "allow_not_applicable": false, 
      "score_mapping": null, 
      "display_instrument": null, 
      "text": "# Instructions here\r\n\r\nWe can use any markdown syntax we like, e.g.\r\n\r\n- Lists\r\n- And ordered lists\r\n\r\nOr **bold**, *italic* etc.", 
      "choiceset": null, 
      "required": false, 
      "order": 0, 
      "instrument": null, 
      "variable_name": "demo_instruction", 
      "help_text": "", 
      "widget_kwargs": "", 
      "audio": "", 
      "page": 26, 
      "field_kwargs": ""
    }
  }, 
  {
    "pk": 8, 
    "model": "ask.question", 
    "fields": {
      "showif": null, 
      "q_type": "integer", 
      "allow_not_applicable": false, 
      "score_mapping": null, 
      "display_instrument": null, 
      "text": "This requires an integer answer", 
      "choiceset": null, 
      "required": false, 
      "order": 0, 
      "instrument": null, 
      "variable_name": "demo_integer", 
      "help_text": "", 
      "widget_kwargs": "", 
      "audio": "", 
      "page": 26, 
      "field_kwargs": ""
    }
  }, 
  {
    "pk": 2, 
    "model": "ask.question", 
    "fields": {
      "showif": null, 
      "q_type": "likert-list", 
      "allow_not_applicable": false, 
      "score_mapping": null, 
      "display_instrument": null, 
      "text": "A list of radio buttons", 
      "choiceset": 1, 
      "required": false, 
      "order": 0, 
      "instrument": null, 
      "variable_name": "demo_list", 
      "help_text": "", 
      "widget_kwargs": "", 
      "audio": "", 
      "page": 26, 
      "field_kwargs": ""
    }
  }, 
  {
    "pk": 5, 
    "model": "ask.question", 
    "fields": {
      "showif": null, 
      "q_type": "long-text", 
      "allow_not_applicable": false, 
      "score_mapping": null, 
      "display_instrument": null, 
      "text": "A large text box", 
      "choiceset": null, 
      "required": false, 
      "order": 0, 
      "instrument": null, 
      "variable_name": "demo_longtext", 
      "help_text": "", 
      "widget_kwargs": "", 
      "audio": "", 
      "page": 26, 
      "field_kwargs": ""
    }
  }, 
  {
    "pk": 3, 
    "model": "ask.question", 
    "fields": {
      "showif": null, 
      "q_type": "pulldown", 
      "allow_not_applicable": false, 
      "score_mapping": null, 
      "display_instrument": null, 
      "text": "A pulldown menu", 
      "choiceset": 3, 
      "required": false, 
      "order": 0, 
      "instrument": null, 
      "variable_name": "demo_pulldown", 
      "help_text": "", 
      "widget_kwargs": "", 
      "audio": "", 
      "page": 26, 
      "field_kwargs": ""
    }
  }, 
  {
    "pk": 1, 
    "model": "ask.question", 
    "fields": {
      "showif": null, 
      "q_type": "likert", 
      "allow_not_applicable": false, 
      "score_mapping": null, 
      "display_instrument": null, 
      "text": "A likert type question", 
      "choiceset": 2, 
      "required": false, 
      "order": 0, 
      "instrument": null, 
      "variable_name": "demo_scale", 
      "help_text": "", 
      "widget_kwargs": "", 
      "audio": "", 
      "page": 26, 
      "field_kwargs": ""
    }
  }, 
  {
    "pk": 4, 
    "model": "ask.question", 
    "fields": {
      "showif": null, 
      "q_type": "short-text", 
      "allow_not_applicable": false, 
      "score_mapping": null, 
      "display_instrument": null, 
      "text": "Enter a short text answer", 
      "choiceset": null, 
      "required": false, 
      "order": 0, 
      "instrument": null, 
      "variable_name": "demo_shorttext", 
      "help_text": "", 
      "widget_kwargs": "", 
      "audio": "", 
      "page": 26, 
      "field_kwargs": ""
    }
  }, 
  {
    "pk": 58, 
    "model": "ask.question", 
    "fields": {
      "showif": null, 
      "q_type": "likert", 
      "allow_not_applicable": false, 
      "score_mapping": null, 
      "display_instrument": null, 
      "text": "Not being able to stop or control worrying", 
      "choiceset": 12, 
      "required": false, 
      "order": 0, 
      "instrument": null, 
      "variable_name": "gad7_not_being_able_stop_or_co", 
      "help_text": null, 
      "widget_kwargs": "", 
      "audio": "", 
      "page": null, 
      "field_kwargs": ""
    }
  }, 
  {
    "pk": 59, 
    "model": "ask.question", 
    "fields": {
      "showif": null, 
      "q_type": "likert", 
      "allow_not_applicable": false, 
      "score_mapping": null, 
      "display_instrument": null, 
      "text": "Worrying too much about different things", 
      "choiceset": 12, 
      "required": false, 
      "order": 0, 
      "instrument": null, 
      "variable_name": "gad7_worrying_too_much_differe", 
      "help_text": null, 
      "widget_kwargs": "", 
      "audio": "", 
      "page": null, 
      "field_kwargs": ""
    }
  }, 
  {
    "pk": 60, 
    "model": "ask.question", 
    "fields": {
      "showif": null, 
      "q_type": "likert", 
      "allow_not_applicable": false, 
      "score_mapping": null, 
      "display_instrument": null, 
      "text": "Trouble relaxing", 
      "choiceset": 12, 
      "required": false, 
      "order": 0, 
      "instrument": null, 
      "variable_name": "gad7_trouble_relaxing", 
      "help_text": null, 
      "widget_kwargs": "", 
      "audio": "", 
      "page": null, 
      "field_kwargs": ""
    }
  }, 
  {
    "pk": 61, 
    "model": "ask.question", 
    "fields": {
      "showif": null, 
      "q_type": "likert", 
      "allow_not_applicable": false, 
      "score_mapping": null, 
      "display_instrument": null, 
      "text": "Being so restless that it's hard to sit still", 
      "choiceset": 12, 
      "required": false, 
      "order": 0, 
      "instrument": null, 
      "variable_name": "gad7_being_so_restless_that_it", 
      "help_text": null, 
      "widget_kwargs": "", 
      "audio": "", 
      "page": null, 
      "field_kwargs": ""
    }
  }, 
  {
    "pk": 62, 
    "model": "ask.question", 
    "fields": {
      "showif": null, 
      "q_type": "likert", 
      "allow_not_applicable": false, 
      "score_mapping": null, 
      "display_instrument": null, 
      "text": "Becoming easily annoyed or irritable", 
      "choiceset": 12, 
      "required": false, 
      "order": 0, 
      "instrument": null, 
      "variable_name": "gad7_becoming_easily_annoyed_o", 
      "help_text": null, 
      "widget_kwargs": "", 
      "audio": "", 
      "page": null, 
      "field_kwargs": ""
    }
  }, 
  {
    "pk": 63, 
    "model": "ask.question", 
    "fields": {
      "showif": null, 
      "q_type": "likert", 
      "allow_not_applicable": false, 
      "score_mapping": null, 
      "display_instrument": null, 
      "text": "Feeling afraid as if something awful might happen", 
      "choiceset": 12, 
      "required": false, 
      "order": 0, 
      "instrument": null, 
      "variable_name": "gad7_feeling_afraid_as_if_some", 
      "help_text": null, 
      "widget_kwargs": "", 
      "audio": "", 
      "page": null, 
      "field_kwargs": ""
    }
  }, 
  {
    "pk": 65, 
    "model": "ask.question", 
    "fields": {
      "showif": null, 
      "q_type": "likert", 
      "allow_not_applicable": false, 
      "score_mapping": null, 
      "display_instrument": null, 
      "text": "Over the **last two weeks**, how many days has your work or studying being affected by your asthma?", 
      "choiceset": 11, 
      "required": false, 
      "order": 0, 
      "instrument": null, 
      "variable_name": "asthma_disruption", 
      "help_text": "", 
      "widget_kwargs": "", 
      "audio": "", 
      "page": null, 
      "field_kwargs": ""
    }
  }, 
  {
    "pk": 67, 
    "model": "ask.question", 
    "fields": {
      "showif": null, 
      "q_type": "likert", 
      "allow_not_applicable": false, 
      "score_mapping": null, 
      "display_instrument": null, 
      "text": "How helpful for your asthma do you find the medicines which you doctor has given you?", 
      "choiceset": 13, 
      "required": false, 
      "order": 0, 
      "instrument": null, 
      "variable_name": "asthma_medicationshelpful", 
      "help_text": "", 
      "widget_kwargs": "", 
      "audio": "", 
      "page": null, 
      "field_kwargs": ""
    }
  }, 
  {
    "pk": 68, 
    "model": "ask.question", 
    "fields": {
      "showif": null, 
      "q_type": "likert", 
      "allow_not_applicable": false, 
      "score_mapping": null, 
      "display_instrument": null, 
      "text": "I take my oral steroids daily at the full recommended dose.", 
      "choiceset": 14, 
      "required": false, 
      "order": 0, 
      "instrument": null, 
      "variable_name": "asthma_takefulldose_oralsteroid", 
      "help_text": "", 
      "widget_kwargs": "", 
      "audio": "", 
      "page": null, 
      "field_kwargs": ""
    }
  }, 
  {
    "pk": 69, 
    "model": "ask.question", 
    "fields": {
      "showif": null, 
      "q_type": "likert", 
      "allow_not_applicable": false, 
      "score_mapping": null, 
      "display_instrument": null, 
      "text": "I take my inhaled steroids daily at the fully recommended dose", 
      "choiceset": 14, 
      "required": false, 
      "order": 0, 
      "instrument": null, 
      "variable_name": "asthma_takefulldose_ics", 
      "help_text": "", 
      "widget_kwargs": "", 
      "audio": "", 
      "page": null, 
      "field_kwargs": ""
    }
  }, 
  {
    "pk": 64, 
    "model": "ask.question", 
    "fields": {
      "showif": null, 
      "q_type": "instruction", 
      "allow_not_applicable": false, 
      "score_mapping": null, 
      "display_instrument": null, 
      "text": "### Over the **last 2 weeks**, how often have you been bothered by any of the following problems?", 
      "choiceset": null, 
      "required": false, 
      "order": 0, 
      "instrument": null, 
      "variable_name": "gad7_intro", 
      "help_text": "", 
      "widget_kwargs": "", 
      "audio": "", 
      "page": null, 
      "field_kwargs": ""
    }
  }, 
  {
    "pk": 66, 
    "model": "ask.question", 
    "fields": {
      "showif": null, 
      "q_type": "integer", 
      "allow_not_applicable": false, 
      "score_mapping": null, 
      "display_instrument": null, 
      "text": "In the **last six months**  how many times have you visited your GP for non-asthma related problems?", 
      "choiceset": null, 
      "required": false, 
      "order": 0, 
      "instrument": null, 
      "variable_name": "asthma_gpvisits", 
      "help_text": "Enter a whole number (e.g. 3)\r\n\r\nFor example, if you visited the Dr because you needed a diabetes checkup this would score \"1\".", 
      "widget_kwargs": "", 
      "audio": "", 
      "page": null, 
      "field_kwargs": ""
    }
  }, 
  {
    "pk": 15, 
    "model": "ask.question", 
    "fields": {
      "showif": null, 
      "q_type": "instruction", 
      "allow_not_applicable": false, 
      "score_mapping": null, 
      "display_instrument": null, 
      "text": "You said {{score}}", 
      "choiceset": null, 
      "required": false, 
      "order": 0, 
      "instrument": null, 
      "variable_name": "doyoulikecheeserepeat", 
      "help_text": "", 
      "widget_kwargs": "", 
      "audio": "", 
      "page": null, 
      "field_kwargs": ""
    }
  }, 
  {
    "pk": 70, 
    "model": "ask.question", 
    "fields": {
      "showif": null, 
      "q_type": "instruction", 
      "allow_not_applicable": false, 
      "score_mapping": null, 
      "display_instrument": null, 
      "text": "Edit your new question", 
      "choiceset": null, 
      "required": false, 
      "order": 0, 
      "instrument": null, 
      "variable_name": "sads", 
      "help_text": null, 
      "widget_kwargs": "", 
      "audio": "", 
      "page": null, 
      "field_kwargs": ""
    }
  }, 
  {
    "pk": 104, 
    "model": "ask.question", 
    "fields": {
      "showif": null, 
      "q_type": "likert", 
      "allow_not_applicable": false, 
      "score_mapping": null, 
      "display_instrument": null, 
      "text": "Demo 2", 
      "choiceset": 3, 
      "required": false, 
      "order": 0, 
      "instrument": null, 
      "variable_name": "demo2", 
      "help_text": "", 
      "widget_kwargs": "", 
      "audio": "", 
      "page": 26, 
      "field_kwargs": ""
    }
  }, 
  {
    "pk": 109, 
    "model": "ask.question", 
    "fields": {
      "showif": null, 
      "q_type": "instruction", 
      "allow_not_applicable": false, 
      "score_mapping": null, 
      "display_instrument": null, 
      "text": "info only", 
      "choiceset": null, 
      "required": false, 
      "order": 0, 
      "instrument": null, 
      "variable_name": "infoonly", 
      "help_text": "", 
      "widget_kwargs": "", 
      "audio": "", 
      "page": 114, 
      "field_kwargs": ""
    }
  }, 
  {
    "pk": 108, 
    "model": "ask.question", 
    "fields": {
      "showif": null, 
      "q_type": "date", 
      "allow_not_applicable": false, 
      "score_mapping": null, 
      "display_instrument": null, 
      "text": "Another page", 
      "choiceset": null, 
      "required": true, 
      "order": 0, 
      "instrument": null, 
      "variable_name": "anotherpage", 
      "help_text": "", 
      "widget_kwargs": "", 
      "audio": "", 
      "page": 115, 
      "field_kwargs": ""
    }
  }, 
  {
    "pk": 106, 
    "model": "ask.question", 
    "fields": {
      "showif": null, 
      "q_type": "likert", 
      "allow_not_applicable": false, 
      "score_mapping": null, 
      "display_instrument": null, 
      "text": "Signalbox is able to call participants and take responses over the phone. For example, are you male or female? Press 0 for male, 1 for female.", 
      "choiceset": 1, 
      "required": false, 
      "order": 0, 
      "instrument": null, 
      "variable_name": "doyoulikecheeseyesno", 
      "help_text": "", 
      "widget_kwargs": "", 
      "audio": "", 
      "page": 29, 
      "field_kwargs": ""
    }
  }, 
  {
    "pk": 7, 
    "model": "ask.question", 
    "fields": {
      "showif": null, 
      "q_type": "date", 
      "allow_not_applicable": false, 
      "score_mapping": null, 
      "display_instrument": null, 
      "text": "Also nice to be able to enter dates", 
      "choiceset": null, 
      "required": false, 
      "order": 0, 
      "instrument": null, 
      "variable_name": "demo_date", 
      "help_text": "", 
      "widget_kwargs": "", 
      "audio": "", 
      "page": 26, 
      "field_kwargs": ""
    }
  }, 
  {
    "pk": 301, 
    "model": "ask.question", 
    "fields": {
      "showif": null, 
      "q_type": "instruction", 
      "allow_not_applicable": false, 
      "score_mapping": null, 
      "display_instrument": null, 
      "text": "Edit your new question", 
      "choiceset": null, 
      "required": false, 
      "order": 0, 
      "instrument": null, 
      "variable_name": "abp_number_months", 
      "help_text": null, 
      "widget_kwargs": "", 
      "audio": "", 
      "page": null, 
      "field_kwargs": ""
    }
  }, 
  {
    "pk": 302, 
    "model": "ask.question", 
    "fields": {
      "showif": null, 
      "q_type": "instruction", 
      "allow_not_applicable": false, 
      "score_mapping": null, 
      "display_instrument": null, 
      "text": "Edit your new question", 
      "choiceset": null, 
      "required": false, 
      "order": 0, 
      "instrument": null, 
      "variable_name": "abp_paidwork", 
      "help_text": null, 
      "widget_kwargs": "", 
      "audio": "", 
      "page": null, 
      "field_kwargs": ""
    }
  }, 
  {
    "pk": 303, 
    "model": "ask.question", 
    "fields": {
      "showif": null, 
      "q_type": "instruction", 
      "allow_not_applicable": false, 
      "score_mapping": null, 
      "display_instrument": null, 
      "text": "Edit your new question", 
      "choiceset": null, 
      "required": false, 
      "order": 0, 
      "instrument": null, 
      "variable_name": "abp_part3", 
      "help_text": null, 
      "widget_kwargs": "", 
      "audio": "", 
      "page": null, 
      "field_kwargs": ""
    }
  }, 
  {
    "pk": 304, 
    "model": "ask.question", 
    "fields": {
      "showif": null, 
      "q_type": "instruction", 
      "allow_not_applicable": false, 
      "score_mapping": null, 
      "display_instrument": null, 
      "text": "Edit your new question", 
      "choiceset": null, 
      "required": false, 
      "order": 0, 
      "instrument": null, 
      "variable_name": "abp_part4", 
      "help_text": null, 
      "widget_kwargs": "", 
      "audio": "", 
      "page": null, 
      "field_kwargs": ""
    }
  }, 
  {
    "pk": 305, 
    "model": "ask.question", 
    "fields": {
      "showif": null, 
      "q_type": "instruction", 
      "allow_not_applicable": false, 
      "score_mapping": null, 
      "display_instrument": null, 
      "text": "Edit your new question", 
      "choiceset": null, 
      "required": false, 
      "order": 0, 
      "instrument": null, 
      "variable_name": "abp_part5", 
      "help_text": null, 
      "widget_kwargs": "", 
      "audio": "", 
      "page": null, 
      "field_kwargs": ""
    }
  }, 
  {
    "pk": 306, 
    "model": "ask.question", 
    "fields": {
      "showif": null, 
      "q_type": "instruction", 
      "allow_not_applicable": false, 
      "score_mapping": null, 
      "display_instrument": null, 
      "text": "Edit your new question", 
      "choiceset": null, 
      "required": false, 
      "order": 0, 
      "instrument": null, 
      "variable_name": "abp_personallife", 
      "help_text": null, 
      "widget_kwargs": "", 
      "audio": "", 
      "page": null, 
      "field_kwargs": ""
    }
  }, 
  {
    "pk": 307, 
    "model": "ask.question", 
    "fields": {
      "showif": null, 
      "q_type": "instruction", 
      "allow_not_applicable": false, 
      "score_mapping": null, 
      "display_instrument": null, 
      "text": "Edit your new question", 
      "choiceset": null, 
      "required": false, 
      "order": 0, 
      "instrument": null, 
      "variable_name": "abp_retiredbecauseasthma", 
      "help_text": null, 
      "widget_kwargs": "", 
      "audio": "", 
      "page": null, 
      "field_kwargs": ""
    }
  }, 
  {
    "pk": 308, 
    "model": "ask.question", 
    "fields": {
      "showif": null, 
      "q_type": "instruction", 
      "allow_not_applicable": false, 
      "score_mapping": null, 
      "display_instrument": null, 
      "text": "Edit your new question", 
      "choiceset": null, 
      "required": false, 
      "order": 0, 
      "instrument": null, 
      "variable_name": "abp_sleep", 
      "help_text": null, 
      "widget_kwargs": "", 
      "audio": "", 
      "page": null, 
      "field_kwargs": ""
    }
  }, 
  {
    "pk": 309, 
    "model": "ask.question", 
    "fields": {
      "showif": null, 
      "q_type": "instruction", 
      "allow_not_applicable": false, 
      "score_mapping": null, 
      "display_instrument": null, 
      "text": "Edit your new question", 
      "choiceset": null, 
      "required": false, 
      "order": 0, 
      "instrument": null, 
      "variable_name": "abp_sociallife", 
      "help_text": null, 
      "widget_kwargs": "", 
      "audio": "", 
      "page": null, 
      "field_kwargs": ""
    }
  }, 
  {
    "pk": 310, 
    "model": "ask.question", 
    "fields": {
      "showif": null, 
      "q_type": "instruction", 
      "allow_not_applicable": false, 
      "score_mapping": null, 
      "display_instrument": null, 
      "text": "Edit your new question", 
      "choiceset": null, 
      "required": false, 
      "order": 0, 
      "instrument": null, 
      "variable_name": "abp_unsuremedicine", 
      "help_text": null, 
      "widget_kwargs": "", 
      "audio": "", 
      "page": null, 
      "field_kwargs": ""
    }
  }, 
  {
    "pk": 311, 
    "model": "ask.question", 
    "fields": {
      "showif": null, 
      "q_type": "instruction", 
      "allow_not_applicable": false, 
      "score_mapping": null, 
      "display_instrument": null, 
      "text": "Edit your new question", 
      "choiceset": null, 
      "required": false, 
      "order": 0, 
      "instrument": null, 
      "variable_name": "abp_upset", 
      "help_text": null, 
      "widget_kwargs": "", 
      "audio": "", 
      "page": null, 
      "field_kwargs": ""
    }
  }, 
  {
    "pk": 312, 
    "model": "ask.question", 
    "fields": {
      "showif": null, 
      "q_type": "instruction", 
      "allow_not_applicable": false, 
      "score_mapping": null, 
      "display_instrument": null, 
      "text": "Edit your new question", 
      "choiceset": null, 
      "required": false, 
      "order": 0, 
      "instrument": null, 
      "variable_name": "abp_wantmoreinfo", 
      "help_text": null, 
      "widget_kwargs": "", 
      "audio": "", 
      "page": null, 
      "field_kwargs": ""
    }
  }, 
  {
    "pk": 313, 
    "model": "ask.question", 
    "fields": {
      "showif": null, 
      "q_type": "instruction", 
      "allow_not_applicable": false, 
      "score_mapping": null, 
      "display_instrument": null, 
      "text": "Edit your new question", 
      "choiceset": null, 
      "required": false, 
      "order": 0, 
      "instrument": null, 
      "variable_name": "abp_worrycold", 
      "help_text": null, 
      "widget_kwargs": "", 
      "audio": "", 
      "page": null, 
      "field_kwargs": ""
    }
  }, 
  {
    "pk": 314, 
    "model": "ask.question", 
    "fields": {
      "showif": null, 
      "q_type": "instruction", 
      "allow_not_applicable": false, 
      "score_mapping": null, 
      "display_instrument": null, 
      "text": "Edit your new question", 
      "choiceset": null, 
      "required": false, 
      "order": 0, 
      "instrument": null, 
      "variable_name": "abp_worsefuture", 
      "help_text": null, 
      "widget_kwargs": "", 
      "audio": "", 
      "page": null, 
      "field_kwargs": ""
    }
  }, 
  {
    "pk": 315, 
    "model": "ask.question", 
    "fields": {
      "showif": null, 
      "q_type": "likert", 
      "allow_not_applicable": false, 
      "score_mapping": null, 
      "display_instrument": null, 
      "text": "I agree that data submitted may be analysed as part of the research of the PRPP.", 
      "choiceset": 2, 
      "required": false, 
      "order": 0, 
      "instrument": null, 
      "variable_name": "allow_research_use", 
      "help_text": "", 
      "widget_kwargs": "", 
      "audio": "", 
      "page": null, 
      "field_kwargs": ""
    }
  }, 
  {
    "pk": 316, 
    "model": "ask.question", 
    "fields": {
      "showif": null, 
      "q_type": "instruction", 
      "allow_not_applicable": false, 
      "score_mapping": null, 
      "display_instrument": null, 
      "text": "Edit your new question", 
      "choiceset": null, 
      "required": false, 
      "order": 0, 
      "instrument": null, 
      "variable_name": "apb_retired", 
      "help_text": null, 
      "widget_kwargs": "", 
      "audio": "", 
      "page": null, 
      "field_kwargs": ""
    }
  }, 
  {
    "pk": 344, 
    "model": "ask.question", 
    "fields": {
      "showif": null, 
      "q_type": "instruction", 
      "allow_not_applicable": false, 
      "score_mapping": null, 
      "display_instrument": null, 
      "text": "## The total score on the LINQ is:  {{scores.linq.score}}\r\n\r\n\r\n{% if scores.linq.score > 5 %}\r\nThis patient may require significant clarifications in numerous areas.\r\n{% endif %}\r\n\r\n\r\n<hr>\r\n\r\n\r\n### Disease knowledge score: {{scores.linq_disease.score}}\r\n\r\n{% if scores.linq_disease.score == 0 %}\r\nThe patient is fully informed\r\n{% elif scores.linq_disease.score == 1  %}\r\nThe patient is reasonably well informed but could do with additional advice\r\n{% else %}\r\n<div class=\"text\">\r\nThe patient would benefit from more information about their disease\r\n</div>\r\n{%endif%}\r\n\r\n\r\n\r\n\r\n\r\n\r\n### Self management score: {{scores.linq_selfmanagement.score}}\r\n\r\n{% if not answers.linq_whenabulance == \"1\" %}\r\n<div class=\"text-warning\">The patient may require clarification on when to call an abulance</div>\r\n{%endif%}\r\n\r\n\r\n### Medicines score: {{scores.linq_medicine.score}}\r\n\r\n{% if scores.linq_medicine.score > 0 %}\r\n<div class=\"text\">The patient may benefit from advice regarding their medication</div>\r\n{% else %}\r\nThe patient is fully informed.\r\n{%endif%}\r\n\r\n\r\n### Exercise score: {{scores.linq_exercise.score}}\r\n\r\n{% if scores.linq_exercise.score > 0 %}\r\n<div class=\"text\">The patient may benefit from advice regarding exercise</div>\r\n{% else %}\r\nThe patient is fully informed.\r\n{%endif%}\r\n\r\n\r\n\r\n\r\n\r\n\r\n### Smoking score: {{scores.linq_smoking.score}}\r\n\r\n{% if answers.linq_smoker == 2 %}\r\n<div class=\"text-warning\">The patient still smokes</div>\r\n{%endif%}\r\n\r\n\r\n<!--\r\n<hr>\r\n<pre>\r\n{{scores}}\r\n\r\n{{answers}}\r\n\r\n</pre>\r\n-->", 
      "choiceset": null, 
      "required": false, 
      "order": 0, 
      "instrument": null, 
      "variable_name": "total_score_linq_scoreslinqscore", 
      "help_text": "", 
      "widget_kwargs": "", 
      "audio": "", 
      "page": 120, 
      "field_kwargs": ""
    }
  }, 
  {
    "pk": 9, 
    "model": "ask.question", 
    "fields": {
      "showif": null, 
      "q_type": "checkboxes", 
      "allow_not_applicable": false, 
      "score_mapping": null, 
      "display_instrument": null, 
      "text": "Checkboxes are a pain to validate properly in html!", 
      "choiceset": 3, 
      "required": false, 
      "order": 0, 
      "instrument": null, 
      "variable_name": "demo_checkbox", 
      "help_text": "", 
      "widget_kwargs": "", 
      "audio": "", 
      "page": 26, 
      "field_kwargs": ""
    }
  }, 
  {
    "pk": 350, 
    "model": "ask.question", 
    "fields": {
      "showif": null, 
      "q_type": "date", 
      "allow_not_applicable": false, 
      "score_mapping": null, 
      "display_instrument": null, 
      "text": "instrument question 1", 
      "choiceset": null, 
      "required": false, 
      "order": 0, 
      "instrument": 18, 
      "variable_name": "instrument_question_1", 
      "help_text": "", 
      "widget_kwargs": "", 
      "audio": "", 
      "page": null, 
      "field_kwargs": ""
    }
  }, 
  {
    "pk": 343, 
    "model": "ask.question", 
    "fields": {
      "showif": null, 
      "q_type": "short-text", 
      "allow_not_applicable": false, 
      "score_mapping": null, 
      "display_instrument": null, 
      "text": "In which country are you based?", 
      "choiceset": null, 
      "required": false, 
      "order": 0, 
      "instrument": null, 
      "variable_name": "practicing_in_country", 
      "help_text": "", 
      "widget_kwargs": "", 
      "audio": "", 
      "page": null, 
      "field_kwargs": ""
    }
  }, 
  {
    "pk": 340, 
    "model": "ask.question", 
    "fields": {
      "showif": null, 
      "q_type": "integer", 
      "allow_not_applicable": false, 
      "score_mapping": null, 
      "display_instrument": null, 
      "text": "What is the patient's age (in years)", 
      "choiceset": null, 
      "required": false, 
      "order": 0, 
      "instrument": null, 
      "variable_name": "patient_age", 
      "help_text": "Please enter the patient's age to the nearest 10 years if not known.", 
      "widget_kwargs": "", 
      "audio": "", 
      "page": 118, 
      "field_kwargs": ""
    }
  }, 
  {
    "pk": 342, 
    "model": "ask.question", 
    "fields": {
      "showif": null, 
      "q_type": "likert", 
      "allow_not_applicable": false, 
      "score_mapping": null, 
      "display_instrument": null, 
      "text": "The patient is:", 
      "choiceset": 1, 
      "required": false, 
      "order": 0, 
      "instrument": null, 
      "variable_name": "patient_gender", 
      "help_text": "", 
      "widget_kwargs": "", 
      "audio": "", 
      "page": 118, 
      "field_kwargs": ""
    }
  }, 
  {
    "pk": 341, 
    "model": "ask.question", 
    "fields": {
      "showif": null, 
      "q_type": "pulldown", 
      "allow_not_applicable": false, 
      "score_mapping": null, 
      "display_instrument": null, 
      "text": "What is the patient's primary respiratory diagnosis?", 
      "choiceset": 102, 
      "required": false, 
      "order": 0, 
      "instrument": null, 
      "variable_name": "patient_diagnosis", 
      "help_text": "", 
      "widget_kwargs": "", 
      "audio": "", 
      "page": 118, 
      "field_kwargs": ""
    }
  }, 
  {
    "pk": 282, 
    "model": "ask.question", 
    "fields": {
      "showif": null, 
      "q_type": "instruction", 
      "allow_not_applicable": false, 
      "score_mapping": null, 
      "display_instrument": null, 
      "text": "Edit your new question", 
      "choiceset": null, 
      "required": false, 
      "order": 0, 
      "instrument": null, 
      "variable_name": "abp_aroundhouse", 
      "help_text": null, 
      "widget_kwargs": "", 
      "audio": "", 
      "page": null, 
      "field_kwargs": ""
    }
  }, 
  {
    "pk": 283, 
    "model": "ask.question", 
    "fields": {
      "showif": null, 
      "q_type": "instruction", 
      "allow_not_applicable": false, 
      "score_mapping": null, 
      "display_instrument": null, 
      "text": "Edit your new question", 
      "choiceset": null, 
      "required": false, 
      "order": 0, 
      "instrument": null, 
      "variable_name": "abp_attendedasthmaclinic", 
      "help_text": null, 
      "widget_kwargs": "", 
      "audio": "", 
      "page": null, 
      "field_kwargs": ""
    }
  }, 
  {
    "pk": 284, 
    "model": "ask.question", 
    "fields": {
      "showif": null, 
      "q_type": "instruction", 
      "allow_not_applicable": false, 
      "score_mapping": null, 
      "display_instrument": null, 
      "text": "Edit your new question", 
      "choiceset": null, 
      "required": false, 
      "order": 0, 
      "instrument": null, 
      "variable_name": "abp_bestpossiblecare", 
      "help_text": null, 
      "widget_kwargs": "", 
      "audio": "", 
      "page": null, 
      "field_kwargs": ""
    }
  }, 
  {
    "pk": 285, 
    "model": "ask.question", 
    "fields": {
      "showif": null, 
      "q_type": "instruction", 
      "allow_not_applicable": false, 
      "score_mapping": null, 
      "display_instrument": null, 
      "text": "Edit your new question", 
      "choiceset": null, 
      "required": false, 
      "order": 0, 
      "instrument": null, 
      "variable_name": "abp_clinicattendences", 
      "help_text": null, 
      "widget_kwargs": "", 
      "audio": "", 
      "page": null, 
      "field_kwargs": ""
    }
  }, 
  {
    "pk": 286, 
    "model": "ask.question", 
    "fields": {
      "showif": null, 
      "q_type": "instruction", 
      "allow_not_applicable": false, 
      "score_mapping": null, 
      "display_instrument": null, 
      "text": "Edit your new question", 
      "choiceset": null, 
      "required": false, 
      "order": 0, 
      "instrument": null, 
      "variable_name": "abp_confidentattack", 
      "help_text": null, 
      "widget_kwargs": "", 
      "audio": "", 
      "page": null, 
      "field_kwargs": ""
    }
  }, 
  {
    "pk": 287, 
    "model": "ask.question", 
    "fields": {
      "showif": null, 
      "q_type": "instruction", 
      "allow_not_applicable": false, 
      "score_mapping": null, 
      "display_instrument": null, 
      "text": "Edit your new question", 
      "choiceset": null, 
      "required": false, 
      "order": 0, 
      "instrument": null, 
      "variable_name": "abp_copeattack", 
      "help_text": null, 
      "widget_kwargs": "", 
      "audio": "", 
      "page": null, 
      "field_kwargs": ""
    }
  }, 
  {
    "pk": 288, 
    "model": "ask.question", 
    "fields": {
      "showif": null, 
      "q_type": "instruction", 
      "allow_not_applicable": false, 
      "score_mapping": null, 
      "display_instrument": null, 
      "text": "Edit your new question", 
      "choiceset": null, 
      "required": false, 
      "order": 0, 
      "instrument": null, 
      "variable_name": "abp_cost", 
      "help_text": null, 
      "widget_kwargs": "", 
      "audio": "", 
      "page": null, 
      "field_kwargs": ""
    }
  }, 
  {
    "pk": 289, 
    "model": "ask.question", 
    "fields": {
      "showif": null, 
      "q_type": "instruction", 
      "allow_not_applicable": false, 
      "score_mapping": null, 
      "display_instrument": null, 
      "text": "Edit your new question", 
      "choiceset": null, 
      "required": false, 
      "order": 0, 
      "instrument": null, 
      "variable_name": "abp_coughs", 
      "help_text": null, 
      "widget_kwargs": "", 
      "audio": "", 
      "page": null, 
      "field_kwargs": ""
    }
  }, 
  {
    "pk": 290, 
    "model": "ask.question", 
    "fields": {
      "showif": null, 
      "q_type": "instruction", 
      "allow_not_applicable": false, 
      "score_mapping": null, 
      "display_instrument": null, 
      "text": "Edit your new question", 
      "choiceset": null, 
      "required": false, 
      "order": 0, 
      "instrument": null, 
      "variable_name": "abp_dontknowwhentocalldr", 
      "help_text": null, 
      "widget_kwargs": "", 
      "audio": "", 
      "page": null, 
      "field_kwargs": ""
    }
  }, 
  {
    "pk": 291, 
    "model": "ask.question", 
    "fields": {
      "showif": null, 
      "q_type": "instruction", 
      "allow_not_applicable": false, 
      "score_mapping": null, 
      "display_instrument": null, 
      "text": "Edit your new question", 
      "choiceset": null, 
      "required": false, 
      "order": 0, 
      "instrument": null, 
      "variable_name": "abp_drseequickly", 
      "help_text": null, 
      "widget_kwargs": "", 
      "audio": "", 
      "page": null, 
      "field_kwargs": ""
    }
  }, 
  {
    "pk": 292, 
    "model": "ask.question", 
    "fields": {
      "showif": null, 
      "q_type": "instruction", 
      "allow_not_applicable": false, 
      "score_mapping": null, 
      "display_instrument": null, 
      "text": "Edit your new question", 
      "choiceset": null, 
      "required": false, 
      "order": 0, 
      "instrument": null, 
      "variable_name": "abp_explainedmanagement", 
      "help_text": null, 
      "widget_kwargs": "", 
      "audio": "", 
      "page": null, 
      "field_kwargs": ""
    }
  }, 
  {
    "pk": 293, 
    "model": "ask.question", 
    "fields": {
      "showif": null, 
      "q_type": "instruction", 
      "allow_not_applicable": false, 
      "score_mapping": null, 
      "display_instrument": null, 
      "text": "Edit your new question", 
      "choiceset": null, 
      "required": false, 
      "order": 0, 
      "instrument": null, 
      "variable_name": "abp_freeprescriptions", 
      "help_text": null, 
      "widget_kwargs": "", 
      "audio": "", 
      "page": null, 
      "field_kwargs": ""
    }
  }, 
  {
    "pk": 294, 
    "model": "ask.question", 
    "fields": {
      "showif": null, 
      "q_type": "instruction", 
      "allow_not_applicable": false, 
      "score_mapping": null, 
      "display_instrument": null, 
      "text": "Edit your new question", 
      "choiceset": null, 
      "required": false, 
      "order": 0, 
      "instrument": null, 
      "variable_name": "abp_inconvenience", 
      "help_text": null, 
      "widget_kwargs": "", 
      "audio": "", 
      "page": null, 
      "field_kwargs": ""
    }
  }, 
  {
    "pk": 295, 
    "model": "ask.question", 
    "fields": {
      "showif": null, 
      "q_type": "instruction", 
      "allow_not_applicable": false, 
      "score_mapping": null, 
      "display_instrument": null, 
      "text": "Edit your new question", 
      "choiceset": null, 
      "required": false, 
      "order": 0, 
      "instrument": null, 
      "variable_name": "abp_intro", 
      "help_text": null, 
      "widget_kwargs": "", 
      "audio": "", 
      "page": null, 
      "field_kwargs": ""
    }
  }, 
  {
    "pk": 296, 
    "model": "ask.question", 
    "fields": {
      "showif": null, 
      "q_type": "instruction", 
      "allow_not_applicable": false, 
      "score_mapping": null, 
      "display_instrument": null, 
      "text": "Edit your new question", 
      "choiceset": null, 
      "required": false, 
      "order": 0, 
      "instrument": null, 
      "variable_name": "abp_leisure", 
      "help_text": null, 
      "widget_kwargs": "", 
      "audio": "", 
      "page": null, 
      "field_kwargs": ""
    }
  }, 
  {
    "pk": 297, 
    "model": "ask.question", 
    "fields": {
      "showif": null, 
      "q_type": "instruction", 
      "allow_not_applicable": false, 
      "score_mapping": null, 
      "display_instrument": null, 
      "text": "Edit your new question", 
      "choiceset": null, 
      "required": false, 
      "order": 0, 
      "instrument": null, 
      "variable_name": "abp_leisure_otherthings", 
      "help_text": null, 
      "widget_kwargs": "", 
      "audio": "", 
      "page": null, 
      "field_kwargs": ""
    }
  }, 
  {
    "pk": 298, 
    "model": "ask.question", 
    "fields": {
      "showif": null, 
      "q_type": "instruction", 
      "allow_not_applicable": false, 
      "score_mapping": null, 
      "display_instrument": null, 
      "text": "Edit your new question", 
      "choiceset": null, 
      "required": false, 
      "order": 0, 
      "instrument": null, 
      "variable_name": "abp_letothersdown", 
      "help_text": null, 
      "widget_kwargs": "", 
      "audio": "", 
      "page": null, 
      "field_kwargs": ""
    }
  }, 
  {
    "pk": 299, 
    "model": "ask.question", 
    "fields": {
      "showif": null, 
      "q_type": "instruction", 
      "allow_not_applicable": false, 
      "score_mapping": null, 
      "display_instrument": null, 
      "text": "Edit your new question", 
      "choiceset": null, 
      "required": false, 
      "order": 0, 
      "instrument": null, 
      "variable_name": "abp_months", 
      "help_text": null, 
      "widget_kwargs": "", 
      "audio": "", 
      "page": null, 
      "field_kwargs": ""
    }
  }, 
  {
    "pk": 300, 
    "model": "ask.question", 
    "fields": {
      "showif": null, 
      "q_type": "instruction", 
      "allow_not_applicable": false, 
      "score_mapping": null, 
      "display_instrument": null, 
      "text": "Edit your new question", 
      "choiceset": null, 
      "required": false, 
      "order": 0, 
      "instrument": null, 
      "variable_name": "abp_newplace", 
      "help_text": null, 
      "widget_kwargs": "", 
      "audio": "", 
      "page": null, 
      "field_kwargs": ""
    }
  }, 
  {
    "pk": 328, 
    "model": "ask.question", 
    "fields": {
      "showif": null, 
      "q_type": "likert", 
      "allow_not_applicable": false, 
      "score_mapping": {
        "1": 0, 
        "0": 1
      }, 
      "display_instrument": null, 
      "text": "Do you know the name of your lung disease? ", 
      "choiceset": 85, 
      "required": false, 
      "order": 1, 
      "instrument": null, 
      "variable_name": "linq_name", 
      "help_text": "", 
      "widget_kwargs": "", 
      "audio": "", 
      "page": 119, 
      "field_kwargs": ""
    }
  }, 
  {
    "pk": 355, 
    "model": "ask.question", 
    "fields": {
      "showif": null, 
      "q_type": "likert", 
      "allow_not_applicable": false, 
      "score_mapping": null, 
      "display_instrument": null, 
      "text": "Would you like us to demonstrate the SignalBox system by sending you an SMS message and making a brief automated call to your mobile phone?", 
      "choiceset": 2, 
      "required": false, 
      "order": 1, 
      "instrument": null, 
      "variable_name": "agree_demonstrate_signalbox", 
      "help_text": "", 
      "widget_kwargs": "", 
      "audio": "", 
      "page": 49, 
      "field_kwargs": ""
    }
  }, 
  {
    "pk": 322, 
    "model": "ask.question", 
    "fields": {
      "showif": null, 
      "q_type": "likert", 
      "allow_not_applicable": false, 
      "score_mapping": {
        "1": 0, 
        "0": 1
      }, 
      "display_instrument": null, 
      "text": "Has a doctor or nurse told you how this disease affects your lungs?", 
      "choiceset": 85, 
      "required": false, 
      "order": 2, 
      "instrument": null, 
      "variable_name": "linq_how", 
      "help_text": "", 
      "widget_kwargs": "", 
      "audio": "", 
      "page": 119, 
      "field_kwargs": ""
    }
  }, 
  {
    "pk": 352, 
    "model": "ask.question", 
    "fields": {
      "showif": null, 
      "q_type": "instrument", 
      "allow_not_applicable": false, 
      "score_mapping": null, 
      "display_instrument": 18, 
      "text": "", 
      "choiceset": null, 
      "required": false, 
      "order": 2, 
      "instrument": null, 
      "variable_name": "instrument_included_again", 
      "help_text": "", 
      "widget_kwargs": "", 
      "audio": "", 
      "page": 114, 
      "field_kwargs": ""
    }
  }, 
  {
    "pk": 107, 
    "model": "ask.question", 
    "fields": {
      "showif": null, 
      "q_type": "hangup", 
      "allow_not_applicable": false, 
      "score_mapping": null, 
      "display_instrument": null, 
      "text": "Thanks, you pressed {{answers.doyoulikecheeseyesno}}, which means you are {{answer_as_label.doyoulikecheeseyesno}}. Your answer has been saved. Goodbye for now.", 
      "choiceset": null, 
      "required": false, 
      "order": 2, 
      "instrument": null, 
      "variable_name": "goodbye", 
      "help_text": "", 
      "widget_kwargs": "", 
      "audio": "", 
      "page": 29, 
      "field_kwargs": ""
    }
  }, 
  {
    "pk": 320, 
    "model": "ask.question", 
    "fields": {
      "showif": null, 
      "q_type": "likert", 
      "allow_not_applicable": false, 
      "score_mapping": {
        "1": 0, 
        "0": 1
      }, 
      "display_instrument": null, 
      "text": "Has a doctor or nurse told you what is likely to happen in the future?", 
      "choiceset": 85, 
      "required": false, 
      "order": 3, 
      "instrument": null, 
      "variable_name": "linq_future", 
      "help_text": "", 
      "widget_kwargs": "", 
      "audio": "", 
      "page": 119, 
      "field_kwargs": ""
    }
  }, 
  {
    "pk": 354, 
    "model": "ask.question", 
    "fields": {
      "showif": null, 
      "q_type": "likert", 
      "allow_not_applicable": false, 
      "score_mapping": null, 
      "display_instrument": null, 
      "text": "I agree that data submitted may be analysed as part of the research of the PRPP.", 
      "choiceset": 85, 
      "required": true, 
      "order": 4, 
      "instrument": null, 
      "variable_name": "linq_agree_data_can_be_used", 
      "help_text": "", 
      "widget_kwargs": "", 
      "audio": "", 
      "page": 118, 
      "field_kwargs": ""
    }
  }, 
  {
    "pk": 353, 
    "model": "ask.question", 
    "fields": {
      "showif": null, 
      "q_type": "short-text", 
      "allow_not_applicable": false, 
      "score_mapping": null, 
      "display_instrument": null, 
      "text": "In which country are you based?", 
      "choiceset": null, 
      "required": false, 
      "order": 4, 
      "instrument": null, 
      "variable_name": "which_country_are_you_based", 
      "help_text": "", 
      "widget_kwargs": "", 
      "audio": "", 
      "page": 118, 
      "field_kwargs": ""
    }
  }, 
  {
    "pk": 329, 
    "model": "ask.question", 
    "fields": {
      "showif": null, 
      "q_type": "likert-list", 
      "allow_not_applicable": false, 
      "score_mapping": {
        "1": 0, 
        "3": 1, 
        "2": 1, 
        "4": 1
      }, 
      "display_instrument": null, 
      "text": "Which of the following statements best describes what will happen to you over the next few years? ", 
      "choiceset": 98, 
      "required": false, 
      "order": 4, 
      "instrument": null, 
      "variable_name": "linq_nextfewyears", 
      "help_text": "", 
      "widget_kwargs": "", 
      "audio": "", 
      "page": 119, 
      "field_kwargs": ""
    }
  }, 
  {
    "pk": 325, 
    "model": "ask.question", 
    "fields": {
      "showif": null, 
      "q_type": "likert", 
      "allow_not_applicable": false, 
      "score_mapping": {
        "1": 0, 
        "0": 1
      }, 
      "display_instrument": null, 
      "text": "Has a doctor or nurse explained the reason for taking your inhalers or medicines?", 
      "choiceset": 85, 
      "required": false, 
      "order": 5, 
      "instrument": null, 
      "variable_name": "linq_medicinereason", 
      "help_text": "", 
      "widget_kwargs": "", 
      "audio": "", 
      "page": 119, 
      "field_kwargs": ""
    }
  }, 
  {
    "pk": 327, 
    "model": "ask.question", 
    "fields": {
      "showif": null, 
      "q_type": "likert", 
      "allow_not_applicable": false, 
      "score_mapping": {
        "1": 0, 
        "0": 1
      }, 
      "display_instrument": null, 
      "text": "Do you try to take your inhalers or medicines exactly as you have been instructed by a doctor or nurse?", 
      "choiceset": 85, 
      "required": false, 
      "order": 6, 
      "instrument": null, 
      "variable_name": "linq_medsasinstructed", 
      "help_text": "", 
      "widget_kwargs": "", 
      "audio": "", 
      "page": 119, 
      "field_kwargs": ""
    }
  }, 
  {
    "pk": 326, 
    "model": "ask.question", 
    "fields": {
      "showif": null, 
      "q_type": "likert-list", 
      "allow_not_applicable": false, 
      "score_mapping": null, 
      "display_instrument": null, 
      "text": "Are you satisfied with the information doctors and nurses have given you about your inhalers or medicines?", 
      "choiceset": 97, 
      "required": false, 
      "order": 7, 
      "instrument": null, 
      "variable_name": "linq_medinfosatisfied", 
      "help_text": "", 
      "widget_kwargs": "", 
      "audio": "", 
      "page": 119, 
      "field_kwargs": ""
    }
  }, 
  {
    "pk": 338, 
    "model": "ask.question", 
    "fields": {
      "showif": null, 
      "q_type": "likert-list", 
      "allow_not_applicable": false, 
      "score_mapping": null, 
      "display_instrument": null, 
      "text": "What sentence best describes what you have been told to do if your breathing gets worse (e.g., take two puffs instead of one)?", 
      "choiceset": 100, 
      "required": false, 
      "order": 8, 
      "instrument": null, 
      "variable_name": "linq_whatodosymptomsworse", 
      "help_text": "", 
      "widget_kwargs": "", 
      "audio": "", 
      "page": 119, 
      "field_kwargs": ""
    }
  }, 
  {
    "pk": 339, 
    "model": "ask.question", 
    "fields": {
      "showif": null, 
      "q_type": "likert-list", 
      "allow_not_applicable": false, 
      "score_mapping": null, 
      "display_instrument": null, 
      "text": "Have you been told when you should call an ambulance if your breathing worsens? ", 
      "choiceset": 101, 
      "required": false, 
      "order": 9, 
      "instrument": null, 
      "variable_name": "linq_whenabulance", 
      "help_text": "", 
      "widget_kwargs": "", 
      "audio": "", 
      "page": 119, 
      "field_kwargs": ""
    }
  }, 
  {
    "pk": 336, 
    "model": "ask.question", 
    "fields": {
      "showif": null, 
      "q_type": "likert", 
      "allow_not_applicable": false, 
      "score_mapping": {
        "1": 0, 
        "0": 0, 
        "2": 0
      }, 
      "display_instrument": null, 
      "text": "What best describes you? ", 
      "choiceset": 99, 
      "required": false, 
      "order": 10, 
      "instrument": null, 
      "variable_name": "linq_smoker", 
      "help_text": "", 
      "widget_kwargs": "", 
      "audio": "", 
      "page": 119, 
      "field_kwargs": ""
    }
  }, 
  {
    "pk": 330, 
    "model": "ask.question", 
    "fields": {
      "showif": null, 
      "q_type": "likert", 
      "allow_not_applicable": false, 
      "score_mapping": {
        "1": 0, 
        "0": 1
      }, 
      "display_instrument": null, 
      "text": "Has a doctor or nurse advised you to give up smoking? ", 
      "choiceset": 85, 
      "required": false, 
      "order": 11, 
      "instrument": null, 
      "variable_name": "linq_quitsmoking", 
      "help_text": "", 
      "widget_kwargs": "", 
      "audio": "", 
      "page": 119, 
      "field_kwargs": ""
    }
  }, 
  {
    "pk": 321, 
    "model": "ask.question", 
    "fields": {
      "showif": null, 
      "q_type": "likert", 
      "allow_not_applicable": false, 
      "score_mapping": {
        "1": 0, 
        "0": 1
      }, 
      "display_instrument": null, 
      "text": "Has a doctor or nurse offered to help you to give up smoking (e.g., given you nicotine gum or patches or referral to a Smoking Cessation clinic)?", 
      "choiceset": 85, 
      "required": false, 
      "order": 12, 
      "instrument": null, 
      "variable_name": "linq_helpquitsmoking", 
      "help_text": "", 
      "widget_kwargs": "", 
      "audio": "", 
      "page": 119, 
      "field_kwargs": ""
    }
  }, 
  {
    "pk": 351, 
    "model": "ask.question", 
    "fields": {
      "showif": null, 
      "q_type": "instrument", 
      "allow_not_applicable": false, 
      "score_mapping": null, 
      "display_instrument": 18, 
      "text": "", 
      "choiceset": null, 
      "required": false, 
      "order": 13, 
      "instrument": null, 
      "variable_name": "demo_instrument_insertion", 
      "help_text": "", 
      "widget_kwargs": "", 
      "audio": "", 
      "page": 26, 
      "field_kwargs": ""
    }
  }, 
  {
    "pk": 319, 
    "model": "ask.question", 
    "fields": {
      "showif": null, 
      "q_type": "likert-list", 
      "allow_not_applicable": false, 
      "score_mapping": {
        "1": 1, 
        "0": 1, 
        "3": 2, 
        "2": 1
      }, 
      "display_instrument": null, 
      "text": "Has a doctor or nurse told you how much physical activity (e.g., walking, brisk walking and other forms of exercise) you should do?", 
      "choiceset": 95, 
      "required": false, 
      "order": 13, 
      "instrument": null, 
      "variable_name": "linq_explainexercise", 
      "help_text": "", 
      "widget_kwargs": "", 
      "audio": "", 
      "page": 119, 
      "field_kwargs": ""
    }
  }, 
  {
    "pk": 337, 
    "model": "ask.question", 
    "fields": {
      "showif": null, 
      "q_type": "likert", 
      "allow_not_applicable": false, 
      "score_mapping": {
        "1": 0, 
        "0": 1
      }, 
      "display_instrument": null, 
      "text": "Have you been told by a doctor or nurse to try to do some physical activity (e.g., walking, brisk walking and other forms of exercise)?", 
      "choiceset": 85, 
      "required": false, 
      "order": 13, 
      "instrument": null, 
      "variable_name": "linq_toldexercise", 
      "help_text": "", 
      "widget_kwargs": "", 
      "audio": "", 
      "page": 119, 
      "field_kwargs": ""
    }
  }, 
  {
    "pk": 323, 
    "model": "ask.question", 
    "fields": {
      "showif": null, 
      "q_type": "likert-list", 
      "allow_not_applicable": false, 
      "score_mapping": null, 
      "display_instrument": null, 
      "text": "How much physical activity do you do? ", 
      "choiceset": 96, 
      "required": false, 
      "order": 15, 
      "instrument": null, 
      "variable_name": "linq_howmuchactivity", 
      "help_text": "", 
      "widget_kwargs": "", 
      "audio": "", 
      "page": 119, 
      "field_kwargs": ""
    }
  }, 
  {
    "pk": 318, 
    "model": "ask.question", 
    "fields": {
      "showif": null, 
      "q_type": "likert-list", 
      "allow_not_applicable": false, 
      "score_mapping": {
        "1": 2, 
        "3": 1, 
        "2": 1, 
        "4": 0
      }, 
      "display_instrument": null, 
      "text": "What have doctors or nurses told you about your diet or eating?", 
      "choiceset": 94, 
      "required": false, 
      "order": 16, 
      "instrument": null, 
      "variable_name": "linq_eating", 
      "help_text": "", 
      "widget_kwargs": "", 
      "audio": "", 
      "page": 119, 
      "field_kwargs": ""
    }
  }, 
  {
    "pk": 317, 
    "model": "ask.question", 
    "fields": {
      "showif": 2, 
      "q_type": "long-text", 
      "allow_not_applicable": false, 
      "score_mapping": null, 
      "display_instrument": null, 
      "text": "Have you any questions or comments about your lung disease? \"If so, write them in the space below\"", 
      "choiceset": null, 
      "required": false, 
      "order": 17, 
      "instrument": null, 
      "variable_name": "linq_comments", 
      "help_text": "", 
      "widget_kwargs": "", 
      "audio": "", 
      "page": 119, 
      "field_kwargs": ""
    }
  }, 
  {
    "pk": 1, 
    "model": "ask.showif", 
    "fields": {
      "summary_score": null, 
      "previous_question": 16, 
      "values": "1", 
      "more_than": null, 
      "less_than": null
    }
  }, 
  {
    "pk": 3, 
    "model": "ask.showif", 
    "fields": {
      "summary_score": null, 
      "previous_question": 22, 
      "values": "1", 
      "more_than": null, 
      "less_than": null
    }
  }, 
  {
    "pk": 4, 
    "model": "ask.showif", 
    "fields": {
      "summary_score": null, 
      "previous_question": 22, 
      "values": "3", 
      "more_than": null, 
      "less_than": null
    }
  }, 
  {
    "pk": 5, 
    "model": "ask.showif", 
    "fields": {
      "summary_score": null, 
      "previous_question": 22, 
      "values": "4", 
      "more_than": null, 
      "less_than": null
    }
  }, 
  {
    "pk": 6, 
    "model": "ask.showif", 
    "fields": {
      "summary_score": null, 
      "previous_question": 22, 
      "values": "5", 
      "more_than": null, 
      "less_than": null
    }
  }, 
  {
    "pk": 7, 
    "model": "ask.showif", 
    "fields": {
      "summary_score": null, 
      "previous_question": 22, 
      "values": "5", 
      "more_than": null, 
      "less_than": null
    }
  }, 
  {
    "pk": 8, 
    "model": "ask.showif", 
    "fields": {
      "summary_score": null, 
      "previous_question": 22, 
      "values": "7", 
      "more_than": null, 
      "less_than": null
    }
  }, 
  {
    "pk": 9, 
    "model": "ask.showif", 
    "fields": {
      "summary_score": null, 
      "previous_question": 22, 
      "values": "6", 
      "more_than": null, 
      "less_than": null
    }
  }, 
  {
    "pk": 2, 
    "model": "ask.showif", 
    "fields": {
      "summary_score": 2, 
      "previous_question": null, 
      "values": "2", 
      "more_than": null, 
      "less_than": null
    }
  }, 
  {
    "pk": 10, 
    "model": "ask.showif", 
    "fields": {
      "summary_score": null, 
      "previous_question": 355, 
      "values": "1", 
      "more_than": null, 
      "less_than": null
    }
  }, 
  {
    "pk": 1, 
    "model": "signalbox.scoresheet", 
    "fields": {
      "function": "sum", 
      "variables": [
        13
      ], 
      "minimum_number_of_responses_required": null, 
      "name": "cheese_answer", 
      "description": ""
    }
  }, 
  {
    "pk": 2, 
    "model": "signalbox.scoresheet", 
    "fields": {
      "function": "sum", 
      "variables": [
        47, 
        48, 
        49, 
        50, 
        51, 
        52, 
        53, 
        54, 
        55
      ], 
      "minimum_number_of_responses_required": null, 
      "name": "PHQ-9", 
      "description": "Sum score for the PHQ9"
    }
  }, 
  {
    "pk": 3, 
    "model": "signalbox.scoresheet", 
    "fields": {
      "function": "sum", 
      "variables": [
        325, 
        327, 
        326
      ], 
      "minimum_number_of_responses_required": null, 
      "name": "linq_medicine", 
      "description": ""
    }
  }, 
  {
    "pk": 4, 
    "model": "signalbox.scoresheet", 
    "fields": {
      "function": "sum", 
      "variables": [
        338, 
        339
      ], 
      "minimum_number_of_responses_required": null, 
      "name": "linq_selfmanagement", 
      "description": ""
    }
  }, 
  {
    "pk": 5, 
    "model": "signalbox.scoresheet", 
    "fields": {
      "function": "sum", 
      "variables": [
        330, 
        321
      ], 
      "minimum_number_of_responses_required": null, 
      "name": "linq_smoking", 
      "description": ""
    }
  }, 
  {
    "pk": 6, 
    "model": "signalbox.scoresheet", 
    "fields": {
      "function": "sum", 
      "variables": [
        319, 
        337, 
        323
      ], 
      "minimum_number_of_responses_required": null, 
      "name": "linq_exercise", 
      "description": ""
    }
  }, 
  {
    "pk": 8, 
    "model": "signalbox.scoresheet", 
    "fields": {
      "function": "sum", 
      "variables": [
        328, 
        322, 
        320, 
        329
      ], 
      "minimum_number_of_responses_required": null, 
      "name": "linq_disease", 
      "description": ""
    }
  }, 
  {
    "pk": 7, 
    "model": "signalbox.scoresheet", 
    "fields": {
      "function": "sum", 
      "variables": [
        328, 
        322, 
        320, 
        329, 
        325, 
        327, 
        326, 
        338, 
        339, 
        330, 
        321, 
        337, 
        319, 
        323, 
        318
      ], 
      "minimum_number_of_responses_required": 1, 
      "name": "linq", 
      "description": ""
    }
  }
]