[
    {
        "pk": 2,
        "model": "signalbox.scripttype",
        "fields": {
            "sends_message_to_user": true,
            "name": "Email message",
            "observation_subclass_name": "Email",
            "require_study_ivr_number": false
        }
    },
    {
        "pk": 3,
        "model": "signalbox.scripttype",
        "fields": {
            "sends_message_to_user": true,
            "name": "Send a survey link by email",
            "observation_subclass_name": "EmailSurvey",
            "require_study_ivr_number": false
        }
    },
    {
        "pk": 4,
        "model": "signalbox.scripttype",
        "fields": {
            "sends_message_to_user": true,
            "name": "Survey with no email reminder",
            "observation_subclass_name": "Survey",
            "require_study_ivr_number": false
        }
    },
    {
        "pk": 9,
        "model": "signalbox.scripttype",
        "fields": {
            "sends_message_to_user": true,
            "name": "Telephone Call (Twilio)",
            "observation_subclass_name": "TwilioCall",
            "require_study_ivr_number": true
        }
    },
    {
        "pk": 8,
        "model": "signalbox.scripttype",
        "fields": {
            "sends_message_to_user": true,
            "name": "SMS (Twilio)",
            "observation_subclass_name": "TwilioSMS",
            "require_study_ivr_number": true
        }
    },
    {
        "pk": 1,
        "model": "signalbox.reminder",
        "fields": {
            "kind": "email",
            "subject": "TESTREMINDERSUBJECT",
            "message": "TESTREMINDERMESSAGE\r\n{{url}}",
            "name": "TESTREMINDER",
            "from_address": "benwhalley@gmail.com"
        }
    },
    {
        "pk": 1,
        "model": "signalbox.scriptreminder",
        "fields": {
            "reminder": 1,
            "hours_delay": 48,
            "script": 17
        }
    },
    {
        "pk": 137,
        "model": "signalbox.observation",
        "fields": {
            "status": 1,
            "due_original": "2013-04-12T22:53:22",
            "created_by_script": 18,
            "n_in_sequence": 1,
            "n_questions": null,
            "due": "2013-04-12T22:53:22",
            "attempt_count": 31,
            "label": "An example phone call",
            "n_questions_incomplete": null,
            "token": "655fdbc5-a3bb-11e2-9551-14109ff19192",
            "last_attempted": "2013-04-12T23:29:26.775",
            "offset": null,
            "dyad": 38
        }
    },
    {
        "pk": 138,
        "model": "signalbox.observation",
        "fields": {
            "status": 0,
            "due_original": "2013-04-12T22:58:22.971",
            "created_by_script": 19,
            "n_in_sequence": 1,
            "n_questions": null,
            "due": "2013-04-12T22:58:22.971",
            "attempt_count": 0,
            "label": "An example SMS",
            "n_questions_incomplete": null,
            "token": "656fade3-a3bb-11e2-9fba-14109ff19192",
            "last_attempted": null,
            "offset": null,
            "dyad": 38
        }
    },
    {
        "pk": 3355,
        "model": "signalbox.observationdata",
        "fields": {
            "value": "HTTP ERROR 400: 21205: Url is not a valid url: http://http://4tjq.localtunnel.com/twilio/initialise/655fdbc5-a3bb-11e2-9551-14109ff19192/ \n https://api.twilio.com/2010-04-01/Accounts/AC6cc7517b7c34462882901a0ce4198134/Calls.json",
            "added": "2013-04-12T22:53:24.998",
            "observation": 137,
            "key": "failure"
        }
    },
    {
        "pk": 3356,
        "model": "signalbox.observationdata",
        "fields": {
            "value": "CAcede7bde96dbdc49f676e0e788f92365",
            "added": "2013-04-12T22:55:07.297",
            "observation": 137,
            "key": "external_id"
        }
    },
    {
        "pk": 3357,
        "model": "signalbox.observationdata",
        "fields": {
            "value": "CA12725650e89d267d9f6cb294b48e1d5a",
            "added": "2013-04-12T22:56:27.579",
            "observation": 137,
            "key": "external_id"
        }
    },
    {
        "pk": 3358,
        "model": "signalbox.observationdata",
        "fields": {
            "value": "CA09286975a2055f9b7782e9a9dc3eaa65",
            "added": "2013-04-12T23:15:04.874",
            "observation": 137,
            "key": "external_id"
        }
    },
    {
        "pk": 3359,
        "model": "signalbox.observationdata",
        "fields": {
            "value": "CA2c5bcdddb56c1f108293381f9f6fe1eb",
            "added": "2013-04-12T23:16:38.369",
            "observation": 137,
            "key": "external_id"
        }
    },
    {
        "pk": 3360,
        "model": "signalbox.observationdata",
        "fields": {
            "value": "CA9a8748e713610c608a1af9dadf50b577",
            "added": "2013-04-12T23:18:21.475",
            "observation": 137,
            "key": "external_id"
        }
    },
    {
        "pk": 3361,
        "model": "signalbox.observationdata",
        "fields": {
            "value": "CA99e3f4df22e5961a79c6573350d5f7f2",
            "added": "2013-04-12T23:19:42.790",
            "observation": 137,
            "key": "external_id"
        }
    },
    {
        "pk": 3362,
        "model": "signalbox.observationdata",
        "fields": {
            "value": "CA9b06fa22d18a831523edb0479a7189b3",
            "added": "2013-04-12T23:20:11.260",
            "observation": 137,
            "key": "external_id"
        }
    },
    {
        "pk": 3363,
        "model": "signalbox.observationdata",
        "fields": {
            "value": "CA5ea2ac2946309cb24523db2d49ac6d46",
            "added": "2013-04-12T23:20:35.002",
            "observation": 137,
            "key": "external_id"
        }
    },
    {
        "pk": 3364,
        "model": "signalbox.observationdata",
        "fields": {
            "value": "Unable to find the server at api.twilio.com",
            "added": "2013-04-12T23:22:02.983",
            "observation": 137,
            "key": "failure"
        }
    },
    {
        "pk": 3365,
        "model": "signalbox.observationdata",
        "fields": {
            "value": "CAcfb09a0ae69f1d87edcd4860d2871c5e",
            "added": "2013-04-12T23:22:12.505",
            "observation": 137,
            "key": "external_id"
        }
    },
    {
        "pk": 3366,
        "model": "signalbox.observationdata",
        "fields": {
            "value": "CA9e75d506ffa1b856473f27ed06d5fc18",
            "added": "2013-04-12T23:22:23.562",
            "observation": 137,
            "key": "external_id"
        }
    },
    {
        "pk": 3367,
        "model": "signalbox.observationdata",
        "fields": {
            "value": "CAbd9f70a116b40a79a610291d43cee447",
            "added": "2013-04-12T23:23:26.946",
            "observation": 137,
            "key": "external_id"
        }
    },
    {
        "pk": 3368,
        "model": "signalbox.observationdata",
        "fields": {
            "value": "CAe9c8693670608a30e15dc13140320b6b",
            "added": "2013-04-12T23:24:57.468",
            "observation": 137,
            "key": "external_id"
        }
    },
    {
        "pk": 3369,
        "model": "signalbox.observationdata",
        "fields": {
            "value": "CAae022f6462321c746577514394c8961a",
            "added": "2013-04-12T23:25:35.427",
            "observation": 137,
            "key": "external_id"
        }
    },
    {
        "pk": 3370,
        "model": "signalbox.observationdata",
        "fields": {
            "value": "CAec88a54ef774d34230e99cb752f5af6b",
            "added": "2013-04-12T23:27:42.129",
            "observation": 137,
            "key": "external_id"
        }
    },
    {
        "pk": 3371,
        "model": "signalbox.observationdata",
        "fields": {
            "value": "CA9976c2e8605609b4745ac66fe7ce0364",
            "added": "2013-04-12T23:29:16.951",
            "observation": 137,
            "key": "external_id"
        }
    },
    {
        "pk": 1,
        "model": "signalbox.observationcreator",
        "fields": {
            "showif": 1,
            "script": 18
        }
    },
    {
        "pk": 2,
        "model": "signalbox.observationcreator",
        "fields": {
            "showif": 1,
            "script": 19
        }
    },
    {
        "pk": 3,
        "model": "signalbox.observationcreator",
        "fields": {
            "showif": 1,
            "script": 17
        }
    },
    {
        "pk": 1,
        "model": "signalbox.contactreason",
        "fields": {
            "followup_expected": true,
            "name": "Missing data"
        }
    },
    {
        "pk": 2,
        "model": "signalbox.contactreason",
        "fields": {
            "followup_expected": true,
            "name": "Other"
        }
    },

    {
        "pk": 1,
        "model": "sites.site",
        "fields": {
            "domain": "127.0.0.1:8000",
            "name": "http://127.0.0.1:8000"
        }
    },



    {
        "pk": 14,
        "model": "ask.choiceset",
        "fields": {
            "name": "Disagree__Agree__1-7__NA9999",
            "prompt_wording": ""
        }
    },
    {
        "pk": 12,
        "model": "ask.choiceset",
        "fields": {
            "name": "GAD7",
            "prompt_wording": ""
        }
    },
    {
        "pk": 4,
        "model": "ask.choiceset",
        "fields": {
            "name": "acq1",
            "prompt_wording": ""
        }
    },
    {
        "pk": 5,
        "model": "ask.choiceset",
        "fields": {
            "name": "acq2",
            "prompt_wording": ""
        }
    },
    {
        "pk": 6,
        "model": "ask.choiceset",
        "fields": {
            "name": "acq3",
            "prompt_wording": ""
        }
    },
    {
        "pk": 7,
        "model": "ask.choiceset",
        "fields": {
            "name": "acq4",
            "prompt_wording": ""
        }
    },
    {
        "pk": 8,
        "model": "ask.choiceset",
        "fields": {
            "name": "acq5",
            "prompt_wording": ""
        }
    },
    {
        "pk": 3,
        "model": "ask.choiceset",
        "fields": {
            "name": "demo_choiceset",
            "prompt_wording": ""
        }
    },
    {
        "pk": 1,
        "model": "ask.choiceset",
        "fields": {
            "name": "female",
            "prompt_wording": ""
        }
    },
    {
        "pk": 13,
        "model": "ask.choiceset",
        "fields": {
            "name": "helpful__nothelpful",
            "prompt_wording": ""
        }
    },
    {
        "pk": 10,
        "model": "ask.choiceset",
        "fields": {
            "name": "nottoobad__makeslifemisery",
            "prompt_wording": ""
        }
    },
    {
        "pk": 9,
        "model": "ask.choiceset",
        "fields": {
            "name": "other_health_complaints_list",
            "prompt_wording": ""
        }
    },
    {
        "pk": 11,
        "model": "ask.choiceset",
        "fields": {
            "name": "phq9",
            "prompt_wording": ""
        }
    },
    {
        "pk": 2,
        "model": "ask.choiceset",
        "fields": {
            "name": "yes_no_defaultyes",
            "prompt_wording": "Press 1 for yes, zero for no."
        }
    },
    {
        "pk": 11,
        "model": "ask.instrument",
        "fields": {
            "usage_information": "",
            "citation": "",
            "name": "ACQ"
        }
    },
    {
        "pk": 12,
        "model": "ask.instrument",
        "fields": {
            "usage_information": "",
            "citation": "",
            "name": "Difficult Asthma \u2013 Other health complaints"
        }
    },
    {
        "pk": 7,
        "model": "ask.instrument",
        "fields": {
            "usage_information": "",
            "citation": "",
            "name": "Food Thoughts Inventory"
        }
    },
    {
        "pk": 16,
        "model": "ask.instrument",
        "fields": {
            "usage_information": "",
            "citation": "",
            "name": "GAD7"
        }
    },
    {
        "pk": 14,
        "model": "ask.instrument",
        "fields": {
            "usage_information": "",
            "citation": "",
            "name": "PHQ9"
        }
    },
    {
        "pk": 13,
        "model": "ask.instrument",
        "fields": {
            "usage_information": "note, to display properly this instrument will require that the other_health_complaints_checklist question is displayed on the previous page",
            "citation": "",
            "name": "minor-health-complaints-severity"
        }
    },
    {
        "pk": 17,
        "model": "ask.instrument",
        "fields": {
            "usage_information": "",
            "citation": "",
            "name": "sadasd"
        }
    },
    {
        "pk": 19,
        "model": "ask.asker",
        "fields": {
            "scoresheets": [],
            "show_progress": true,
            "hide_menu": true,
            "name": "Telephone call request",
            "slug": "likeatelephonecall"
        }
    },
    {
        "pk": 17,
        "model": "ask.asker",
        "fields": {
            "scoresheets": [],
            "show_progress": true,
            "hide_menu": false,
            "name": "Demonstration Questionnaire",
            "slug": "demonstration_questionnaire"
        }
    },
    {
        "pk": 16,
        "model": "ask.asker",
        "fields": {
            "scoresheets": [],
            "show_progress": true,
            "hide_menu": false,
            "name": "Test questionnaire which allows uploads",
            "slug": "generic-add-document"
        }
    },
    {
        "pk": 18,
        "model": "ask.asker",
        "fields": {
            "scoresheets": [],
            "show_progress": true,
            "hide_menu": true,
            "name": "Test phone-based questionnaires",
            "slug": "Testphonecallasker"
        }
    },
    {
        "pk": 25,
        "model": "ask.askpage",
        "fields": {
            "submit_button_text": "Save answers",
            "asker": 16,
            "order": 0.0
        }
    },
    {
        "pk": 49,
        "model": "ask.askpage",
        "fields": {
            "submit_button_text": "Save answers",
            "asker": 19,
            "order": 0.0
        }
    },
    {
        "pk": 26,
        "model": "ask.askpage",
        "fields": {
            "submit_button_text": "Save these answers goddamit",
            "asker": 17,
            "order": 0.0
        }
    },
    {
        "pk": 29,
        "model": "ask.askpage",
        "fields": {
            "submit_button_text": "Save answers",
            "asker": 18,
            "order": 0.0
        }
    },
    {
        "pk": 6,
        "model": "ask.instrumentinaskpage",
        "fields": {
            "showif": null,
            "require_all": false,
            "allow_not_applicable": false,
            "page": 29,
            "instrument": 17,
            "variable_prefix": "",
            "order": 2.0
        }
    },
    {
        "pk": 51,
        "model": "ask.choice",
        "fields": {
            "is_default_value": false,
            "choiceset": 12,
            "score": 0,
            "order": 0,
            "label": "Not at all"
        }
    },
    {
        "pk": 55,
        "model": "ask.choice",
        "fields": {
            "is_default_value": false,
            "choiceset": 13,
            "score": 0,
            "order": 0,
            "label": "Not at all helpful"
        }
    },
    {
        "pk": 3,
        "model": "ask.choice",
        "fields": {
            "is_default_value": false,
            "choiceset": 2,
            "score": 0,
            "order": 0,
            "label": "No"
        }
    },
    {
        "pk": 47,
        "model": "ask.choice",
        "fields": {
            "is_default_value": false,
            "choiceset": 11,
            "score": 0,
            "order": 0,
            "label": "Not at all "
        }
    },
    {
        "pk": 23,
        "model": "ask.choice",
        "fields": {
            "is_default_value": false,
            "choiceset": 7,
            "score": 1,
            "order": 1,
            "label": "3 or more times per day"
        }
    },
    {
        "pk": 28,
        "model": "ask.choice",
        "fields": {
            "is_default_value": false,
            "choiceset": 8,
            "score": 1,
            "order": 1,
            "label": "Not controlled at all"
        }
    },
    {
        "pk": 8,
        "model": "ask.choice",
        "fields": {
            "is_default_value": false,
            "choiceset": 4,
            "score": 1,
            "order": 1,
            "label": "All of the time"
        }
    },
    {
        "pk": 40,
        "model": "ask.choice",
        "fields": {
            "is_default_value": false,
            "choiceset": 10,
            "score": 1,
            "order": 1,
            "label": "Not too bad"
        }
    },
    {
        "pk": 1,
        "model": "ask.choice",
        "fields": {
            "is_default_value": false,
            "choiceset": 1,
            "score": 1,
            "order": 1,
            "label": "Female"
        }
    },
    {
        "pk": 13,
        "model": "ask.choice",
        "fields": {
            "is_default_value": false,
            "choiceset": 5,
            "score": 1,
            "order": 1,
            "label": "More than once a day"
        }
    },
    {
        "pk": 56,
        "model": "ask.choice",
        "fields": {
            "is_default_value": false,
            "choiceset": 13,
            "score": 1,
            "order": 1,
            "label": ""
        }
    },
    {
        "pk": 4,
        "model": "ask.choice",
        "fields": {
            "is_default_value": true,
            "choiceset": 2,
            "score": 1,
            "order": 1,
            "label": "Yes"
        }
    },
    {
        "pk": 48,
        "model": "ask.choice",
        "fields": {
            "is_default_value": false,
            "choiceset": 11,
            "score": 1,
            "order": 1,
            "label": "Several days"
        }
    },
    {
        "pk": 52,
        "model": "ask.choice",
        "fields": {
            "is_default_value": false,
            "choiceset": 12,
            "score": 1,
            "order": 1,
            "label": "Several days"
        }
    },
    {
        "pk": 18,
        "model": "ask.choice",
        "fields": {
            "is_default_value": false,
            "choiceset": 6,
            "score": 1,
            "order": 1,
            "label": "4 or more nights a week"
        }
    },
    {
        "pk": 33,
        "model": "ask.choice",
        "fields": {
            "is_default_value": false,
            "choiceset": 9,
            "score": 1,
            "order": 1,
            "label": "Heartburn"
        }
    },
    {
        "pk": 5,
        "model": "ask.choice",
        "fields": {
            "is_default_value": true,
            "choiceset": 3,
            "score": 1,
            "order": 1,
            "label": "Blue"
        }
    },
    {
        "pk": 62,
        "model": "ask.choice",
        "fields": {
            "is_default_value": false,
            "choiceset": 14,
            "score": 1,
            "order": 1,
            "label": "Disagree"
        }
    },
    {
        "pk": 63,
        "model": "ask.choice",
        "fields": {
            "is_default_value": false,
            "choiceset": 14,
            "score": 2,
            "order": 2,
            "label": ""
        }
    },
    {
        "pk": 49,
        "model": "ask.choice",
        "fields": {
            "is_default_value": false,
            "choiceset": 11,
            "score": 2,
            "order": 2,
            "label": "More than half the days"
        }
    },
    {
        "pk": 9,
        "model": "ask.choice",
        "fields": {
            "is_default_value": false,
            "choiceset": 4,
            "score": 2,
            "order": 2,
            "label": "Most of the time"
        }
    },
    {
        "pk": 14,
        "model": "ask.choice",
        "fields": {
            "is_default_value": false,
            "choiceset": 5,
            "score": 2,
            "order": 2,
            "label": "Once a day"
        }
    },
    {
        "pk": 53,
        "model": "ask.choice",
        "fields": {
            "is_default_value": false,
            "choiceset": 12,
            "score": 2,
            "order": 2,
            "label": "More than half the days"
        }
    },
    {
        "pk": 19,
        "model": "ask.choice",
        "fields": {
            "is_default_value": false,
            "choiceset": 6,
            "score": 2,
            "order": 2,
            "label": "2 or 3 nights a week"
        }
    },
    {
        "pk": 24,
        "model": "ask.choice",
        "fields": {
            "is_default_value": false,
            "choiceset": 7,
            "score": 2,
            "order": 2,
            "label": "1 or 2 times per day"
        }
    },
    {
        "pk": 2,
        "model": "ask.choice",
        "fields": {
            "is_default_value": false,
            "choiceset": 1,
            "score": 0,
            "order": 2,
            "label": "Male"
        }
    },
    {
        "pk": 29,
        "model": "ask.choice",
        "fields": {
            "is_default_value": false,
            "choiceset": 8,
            "score": 2,
            "order": 2,
            "label": "Poorly controlled"
        }
    },
    {
        "pk": 6,
        "model": "ask.choice",
        "fields": {
            "is_default_value": false,
            "choiceset": 3,
            "score": 2,
            "order": 2,
            "label": "Green"
        }
    },
    {
        "pk": 57,
        "model": "ask.choice",
        "fields": {
            "is_default_value": false,
            "choiceset": 13,
            "score": 2,
            "order": 2,
            "label": ""
        }
    },
    {
        "pk": 34,
        "model": "ask.choice",
        "fields": {
            "is_default_value": false,
            "choiceset": 9,
            "score": 2,
            "order": 2,
            "label": "Constipation"
        }
    },
    {
        "pk": 41,
        "model": "ask.choice",
        "fields": {
            "is_default_value": false,
            "choiceset": 10,
            "score": 2,
            "order": 2,
            "label": ""
        }
    },
    {
        "pk": 50,
        "model": "ask.choice",
        "fields": {
            "is_default_value": false,
            "choiceset": 11,
            "score": 3,
            "order": 3,
            "label": "Nearly every day"
        }
    },
    {
        "pk": 20,
        "model": "ask.choice",
        "fields": {
            "is_default_value": false,
            "choiceset": 6,
            "score": 3,
            "order": 3,
            "label": "Once a week"
        }
    },
    {
        "pk": 42,
        "model": "ask.choice",
        "fields": {
            "is_default_value": false,
            "choiceset": 10,
            "score": 3,
            "order": 3,
            "label": ""
        }
    },
    {
        "pk": 35,
        "model": "ask.choice",
        "fields": {
            "is_default_value": false,
            "choiceset": 9,
            "score": 3,
            "order": 3,
            "label": "Diarrhoea "
        }
    },
    {
        "pk": 7,
        "model": "ask.choice",
        "fields": {
            "is_default_value": false,
            "choiceset": 3,
            "score": 3,
            "order": 3,
            "label": "Red"
        }
    },
    {
        "pk": 15,
        "model": "ask.choice",
        "fields": {
            "is_default_value": false,
            "choiceset": 5,
            "score": 3,
            "order": 3,
            "label": "3 to 6 times a week"
        }
    },
    {
        "pk": 64,
        "model": "ask.choice",
        "fields": {
            "is_default_value": false,
            "choiceset": 14,
            "score": 3,
            "order": 3,
            "label": ""
        }
    },
    {
        "pk": 58,
        "model": "ask.choice",
        "fields": {
            "is_default_value": false,
            "choiceset": 13,
            "score": 3,
            "order": 3,
            "label": ""
        }
    },
    {
        "pk": 25,
        "model": "ask.choice",
        "fields": {
            "is_default_value": false,
            "choiceset": 7,
            "score": 3,
            "order": 3,
            "label": "2 or 3 times per week"
        }
    },
    {
        "pk": 54,
        "model": "ask.choice",
        "fields": {
            "is_default_value": false,
            "choiceset": 12,
            "score": 3,
            "order": 3,
            "label": "Nearly every day"
        }
    },
    {
        "pk": 30,
        "model": "ask.choice",
        "fields": {
            "is_default_value": false,
            "choiceset": 8,
            "score": 3,
            "order": 3,
            "label": "Somewhat controlled"
        }
    },
    {
        "pk": 10,
        "model": "ask.choice",
        "fields": {
            "is_default_value": false,
            "choiceset": 4,
            "score": 3,
            "order": 3,
            "label": "Some of the time"
        }
    },
    {
        "pk": 43,
        "model": "ask.choice",
        "fields": {
            "is_default_value": false,
            "choiceset": 10,
            "score": 4,
            "order": 4,
            "label": ""
        }
    },
    {
        "pk": 11,
        "model": "ask.choice",
        "fields": {
            "is_default_value": false,
            "choiceset": 4,
            "score": 4,
            "order": 4,
            "label": "A little of the time"
        }
    },
    {
        "pk": 16,
        "model": "ask.choice",
        "fields": {
            "is_default_value": false,
            "choiceset": 5,
            "score": 4,
            "order": 4,
            "label": "Once or twice a week"
        }
    },
    {
        "pk": 21,
        "model": "ask.choice",
        "fields": {
            "is_default_value": false,
            "choiceset": 6,
            "score": 4,
            "order": 4,
            "label": "Once or twice"
        }
    },
    {
        "pk": 26,
        "model": "ask.choice",
        "fields": {
            "is_default_value": false,
            "choiceset": 7,
            "score": 4,
            "order": 4,
            "label": "Once a week or less"
        }
    },
    {
        "pk": 31,
        "model": "ask.choice",
        "fields": {
            "is_default_value": false,
            "choiceset": 8,
            "score": 4,
            "order": 4,
            "label": "Well controlled"
        }
    },
    {
        "pk": 36,
        "model": "ask.choice",
        "fields": {
            "is_default_value": false,
            "choiceset": 9,
            "score": 4,
            "order": 4,
            "label": "Back pain"
        }
    },
    {
        "pk": 59,
        "model": "ask.choice",
        "fields": {
            "is_default_value": false,
            "choiceset": 13,
            "score": 4,
            "order": 4,
            "label": ""
        }
    },
    {
        "pk": 65,
        "model": "ask.choice",
        "fields": {
            "is_default_value": false,
            "choiceset": 14,
            "score": 4,
            "order": 4,
            "label": ""
        }
    },
    {
        "pk": 22,
        "model": "ask.choice",
        "fields": {
            "is_default_value": false,
            "choiceset": 6,
            "score": 5,
            "order": 5,
            "label": "Not at all"
        }
    },
    {
        "pk": 17,
        "model": "ask.choice",
        "fields": {
            "is_default_value": false,
            "choiceset": 5,
            "score": 5,
            "order": 5,
            "label": "Not at all"
        }
    },
    {
        "pk": 12,
        "model": "ask.choice",
        "fields": {
            "is_default_value": false,
            "choiceset": 4,
            "score": 5,
            "order": 5,
            "label": "None of the time"
        }
    },
    {
        "pk": 37,
        "model": "ask.choice",
        "fields": {
            "is_default_value": false,
            "choiceset": 9,
            "score": 5,
            "order": 5,
            "label": "Painful joints"
        }
    },
    {
        "pk": 32,
        "model": "ask.choice",
        "fields": {
            "is_default_value": false,
            "choiceset": 8,
            "score": 5,
            "order": 5,
            "label": "Completely controlled"
        }
    },
    {
        "pk": 27,
        "model": "ask.choice",
        "fields": {
            "is_default_value": false,
            "choiceset": 7,
            "score": 5,
            "order": 5,
            "label": "Not at all"
        }
    },
    {
        "pk": 66,
        "model": "ask.choice",
        "fields": {
            "is_default_value": false,
            "choiceset": 14,
            "score": 5,
            "order": 5,
            "label": ""
        }
    },
    {
        "pk": 60,
        "model": "ask.choice",
        "fields": {
            "is_default_value": false,
            "choiceset": 13,
            "score": 5,
            "order": 5,
            "label": ""
        }
    },
    {
        "pk": 44,
        "model": "ask.choice",
        "fields": {
            "is_default_value": false,
            "choiceset": 10,
            "score": 5,
            "order": 5,
            "label": ""
        }
    },
    {
        "pk": 45,
        "model": "ask.choice",
        "fields": {
            "is_default_value": false,
            "choiceset": 10,
            "score": 6,
            "order": 6,
            "label": ""
        }
    },
    {
        "pk": 38,
        "model": "ask.choice",
        "fields": {
            "is_default_value": false,
            "choiceset": 9,
            "score": 6,
            "order": 6,
            "label": "Feeling tired for no reason"
        }
    },
    {
        "pk": 61,
        "model": "ask.choice",
        "fields": {
            "is_default_value": false,
            "choiceset": 13,
            "score": 6,
            "order": 6,
            "label": "Very helpful"
        }
    },
    {
        "pk": 67,
        "model": "ask.choice",
        "fields": {
            "is_default_value": false,
            "choiceset": 14,
            "score": 6,
            "order": 6,
            "label": ""
        }
    },
    {
        "pk": 68,
        "model": "ask.choice",
        "fields": {
            "is_default_value": false,
            "choiceset": 14,
            "score": 7,
            "order": 7,
            "label": "Agree"
        }
    },
    {
        "pk": 39,
        "model": "ask.choice",
        "fields": {
            "is_default_value": false,
            "choiceset": 9,
            "score": 7,
            "order": 7,
            "label": "Headache or migraine"
        }
    },
    {
        "pk": 46,
        "model": "ask.choice",
        "fields": {
            "is_default_value": false,
            "choiceset": 10,
            "score": 7,
            "order": 7,
            "label": "Makes my life a misery"
        }
    },
    {
        "pk": 69,
        "model": "ask.choice",
        "fields": {
            "is_default_value": false,
            "choiceset": 14,
            "score": 9999,
            "order": 8,
            "label": "Not applicable"
        }
    },
    {
        "pk": 17,
        "model": "ask.question",
        "fields": {
            "showif": null,
            "q_type": "likert",
            "allow_not_applicable": false,
            "score_mapping": null,
            "text": "In the **past 4 weeks**, how much of the time did your asthma keep you from getting as much done at work, school or at home?\r\n",
            "choiceset": 4,
            "required": false,
            "order": 0,
            "instrument": null,
            "variable_name": "acq1",
            "help_text": "",
            "variable_label": "kept from getting things done, past 4 weeks",
            "widget_kwargs": "",
            "audio": "",
            "page": null,
            "field_kwargs": ""
        }
    },
    {
        "pk": 18,
        "model": "ask.question",
        "fields": {
            "showif": null,
            "q_type": "likert",
            "allow_not_applicable": false,
            "score_mapping": null,
            "text": "During the **past 4 weeks**, how often have you had shortness of breath?",
            "choiceset": 5,
            "required": false,
            "order": 0,
            "instrument": null,
            "variable_name": "acq2",
            "help_text": "",
            "variable_label": "During the past 4 weeks, how often have you had shortness of breath?\r\n",
            "widget_kwargs": "",
            "audio": "",
            "page": null,
            "field_kwargs": ""
        }
    },
    {
        "pk": 19,
        "model": "ask.question",
        "fields": {
            "showif": null,
            "q_type": "likert",
            "allow_not_applicable": false,
            "score_mapping": null,
            "text": "During the **past 4 weeks**, how often did your asthma symptoms (wheezing, coughing, shortness of breath, chest tightness or pain) wake you up at night or earlier than usual in the morning?",
            "choiceset": 6,
            "required": false,
            "order": 0,
            "instrument": null,
            "variable_name": "acq3",
            "help_text": "",
            "variable_label": "past 4 weeks symptoms cause you to wake at night or early",
            "widget_kwargs": "",
            "audio": "",
            "page": null,
            "field_kwargs": ""
        }
    },
    {
        "pk": 20,
        "model": "ask.question",
        "fields": {
            "showif": null,
            "q_type": "likert",
            "allow_not_applicable": false,
            "score_mapping": null,
            "text": "During the **past 4 weeks**, how often have you used your reliever inhaler (usually blue)?",
            "choiceset": 7,
            "required": false,
            "order": 0,
            "instrument": null,
            "variable_name": "acq4",
            "help_text": "",
            "variable_label": "use of rescue meds",
            "widget_kwargs": "",
            "audio": "",
            "page": null,
            "field_kwargs": ""
        }
    },
    {
        "pk": 21,
        "model": "ask.question",
        "fields": {
            "showif": null,
            "q_type": "likert",
            "allow_not_applicable": false,
            "score_mapping": null,
            "text": "How would you rate your asthma control during the past 4 weeks?",
            "choiceset": 8,
            "required": false,
            "order": 0,
            "instrument": null,
            "variable_name": "acq5",
            "help_text": "",
            "variable_label": "How would you rate your asthma control during the past 4 weeks?",
            "widget_kwargs": "",
            "audio": "",
            "page": null,
            "field_kwargs": ""
        }
    },
    {
        "pk": 65,
        "model": "ask.question",
        "fields": {
            "showif": null,
            "q_type": "likert",
            "allow_not_applicable": false,
            "score_mapping": null,
            "text": "Over the **last two weeks**, how many days has your work or studying being affected by your asthma?",
            "choiceset": 11,
            "required": false,
            "order": 0,
            "instrument": null,
            "variable_name": "asthma_disruption",
            "help_text": "",
            "variable_label": "disruption past 2 weeks",
            "widget_kwargs": "",
            "audio": "",
            "page": null,
            "field_kwargs": ""
        }
    },
    {
        "pk": 66,
        "model": "ask.question",
        "fields": {
            "showif": null,
            "q_type": "integer",
            "allow_not_applicable": false,
            "score_mapping": null,
            "text": "In the **last six months**  how many times have you visited your GP for non-asthma related problems?",
            "choiceset": null,
            "required": false,
            "order": 0,
            "instrument": null,
            "variable_name": "asthma_gpvisits",
            "help_text": "Enter a whole number (e.g. 3)\r\n\r\nFor example, if you visited the Dr because you needed a diabetes checkup this would score \"1\".",
            "variable_label": "non asthma visits gp",
            "widget_kwargs": "",
            "audio": "",
            "page": null,
            "field_kwargs": ""
        }
    },
    {
        "pk": 67,
        "model": "ask.question",
        "fields": {
            "showif": null,
            "q_type": "likert",
            "allow_not_applicable": false,
            "score_mapping": null,
            "text": "How helpful for your asthma do you find the medicines which you doctor has given you?",
            "choiceset": 13,
            "required": false,
            "order": 0,
            "instrument": null,
            "variable_name": "asthma_medicationshelpful",
            "help_text": "",
            "variable_label": "Asthma meds helpful?",
            "widget_kwargs": "",
            "audio": "",
            "page": null,
            "field_kwargs": ""
        }
    },
    {
        "pk": 69,
        "model": "ask.question",
        "fields": {
            "showif": null,
            "q_type": "likert",
            "allow_not_applicable": false,
            "score_mapping": null,
            "text": "I take my inhaled steroids daily at the fully recommended dose",
            "choiceset": 14,
            "required": false,
            "order": 0,
            "instrument": null,
            "variable_name": "asthma_takefulldose_ics",
            "help_text": "",
            "variable_label": "I take my inhaled steroids daily at the fully recommended dose",
            "widget_kwargs": "",
            "audio": "",
            "page": null,
            "field_kwargs": ""
        }
    },
    {
        "pk": 68,
        "model": "ask.question",
        "fields": {
            "showif": null,
            "q_type": "likert",
            "allow_not_applicable": false,
            "score_mapping": null,
            "text": "I take my oral steroids daily at the full recommended dose.",
            "choiceset": 14,
            "required": false,
            "order": 0,
            "instrument": null,
            "variable_name": "asthma_takefulldose_oralsteroid",
            "help_text": "",
            "variable_label": "I take my oral steroids daily at the full recommended dose.",
            "widget_kwargs": "",
            "audio": "",
            "page": null,
            "field_kwargs": ""
        }
    },
    {
        "pk": 9,
        "model": "ask.question",
        "fields": {
            "showif": null,
            "q_type": "checkboxes",
            "allow_not_applicable": false,
            "score_mapping": null,
            "text": "Checkboxes are a pain to validate properly in html!",
            "choiceset": 3,
            "required": false,
            "order": 0,
            "instrument": null,
            "variable_name": "demo_checkbox",
            "help_text": "",
            "variable_label": "Checkboxes are a pain to validate properly in html!",
            "widget_kwargs": "",
            "audio": "",
            "page": null,
            "field_kwargs": ""
        }
    },
    {
        "pk": 7,
        "model": "ask.question",
        "fields": {
            "showif": null,
            "q_type": "date",
            "allow_not_applicable": false,
            "score_mapping": null,
            "text": "Also nice to be able to enter dates",
            "choiceset": null,
            "required": false,
            "order": 0,
            "instrument": null,
            "variable_name": "demo_date",
            "help_text": "",
            "variable_label": "Also nice to be able to enter dates",
            "widget_kwargs": "",
            "audio": "",
            "page": null,
            "field_kwargs": ""
        }
    },
    {
        "pk": 6,
        "model": "ask.question",
        "fields": {
            "showif": null,
            "q_type": "instruction",
            "allow_not_applicable": false,
            "score_mapping": null,
            "text": "# Instructions here\r\n\r\nWe can use any markdown syntax we like, e.g.\r\n\r\n- Lists\r\n- And ordered lists\r\n\r\nOr **bold**, *italic* etc.",
            "choiceset": null,
            "required": false,
            "order": 0,
            "instrument": null,
            "variable_name": "demo_instruction",
            "help_text": "",
            "variable_label": "",
            "widget_kwargs": "",
            "audio": "",
            "page": null,
            "field_kwargs": ""
        }
    },
    {
        "pk": 8,
        "model": "ask.question",
        "fields": {
            "showif": null,
            "q_type": "integer",
            "allow_not_applicable": false,
            "score_mapping": null,
            "text": "This requires an integer answer",
            "choiceset": null,
            "required": false,
            "order": 0,
            "instrument": null,
            "variable_name": "demo_integer",
            "help_text": "",
            "variable_label": "This requires an integer answer",
            "widget_kwargs": "",
            "audio": "",
            "page": null,
            "field_kwargs": ""
        }
    },
    {
        "pk": 2,
        "model": "ask.question",
        "fields": {
            "showif": null,
            "q_type": "likert-list",
            "allow_not_applicable": false,
            "score_mapping": null,
            "text": "A list of radio buttons",
            "choiceset": 1,
            "required": false,
            "order": 0,
            "instrument": null,
            "variable_name": "demo_list",
            "help_text": "",
            "variable_label": "A list of radio buttons",
            "widget_kwargs": "",
            "audio": "",
            "page": null,
            "field_kwargs": ""
        }
    },
    {
        "pk": 5,
        "model": "ask.question",
        "fields": {
            "showif": null,
            "q_type": "long-text",
            "allow_not_applicable": false,
            "score_mapping": null,
            "text": "A large text box",
            "choiceset": null,
            "required": false,
            "order": 0,
            "instrument": null,
            "variable_name": "demo_longtext",
            "help_text": "",
            "variable_label": "A large text box",
            "widget_kwargs": "",
            "audio": "",
            "page": null,
            "field_kwargs": ""
        }
    },
    {
        "pk": 10,
        "model": "ask.question",
        "fields": {
            "showif": null,
            "q_type": "instruction",
            "allow_not_applicable": false,
            "score_mapping": null,
            "text": "Hello, this is signal box calling to demonstrate how data can be collected over the phone. This prompt could be a recorded voice instead a computerised voice.",
            "choiceset": null,
            "required": false,
            "order": 0,
            "instrument": null,
            "variable_name": "demo_phonecall",
            "help_text": "",
            "variable_label": "Hello and welcome to the study. This is signalbox calling.",
            "widget_kwargs": "",
            "audio": "audio/hello.wav",
            "page": null,
            "field_kwargs": ""
        }
    },
    {
        "pk": 3,
        "model": "ask.question",
        "fields": {
            "showif": null,
            "q_type": "pulldown",
            "allow_not_applicable": false,
            "score_mapping": null,
            "text": "A pulldown menu",
            "choiceset": 3,
            "required": false,
            "order": 0,
            "instrument": null,
            "variable_name": "demo_pulldown",
            "help_text": "",
            "variable_label": "A pulldown menu",
            "widget_kwargs": "",
            "audio": "",
            "page": null,
            "field_kwargs": ""
        }
    },
    {
        "pk": 1,
        "model": "ask.question",
        "fields": {
            "showif": null,
            "q_type": "likert",
            "allow_not_applicable": false,
            "score_mapping": null,
            "text": "A likert type question",
            "choiceset": 2,
            "required": false,
            "order": 0,
            "instrument": null,
            "variable_name": "demo_scale",
            "help_text": "",
            "variable_label": "A likert type question",
            "widget_kwargs": "",
            "audio": "",
            "page": null,
            "field_kwargs": ""
        }
    },
    {
        "pk": 4,
        "model": "ask.question",
        "fields": {
            "showif": null,
            "q_type": "short-text",
            "allow_not_applicable": false,
            "score_mapping": null,
            "text": "Enter a short text answer",
            "choiceset": null,
            "required": false,
            "order": 0,
            "instrument": null,
            "variable_name": "demo_shorttext",
            "help_text": "",
            "variable_label": "Enter a short text answer",
            "widget_kwargs": "",
            "audio": "",
            "page": null,
            "field_kwargs": ""
        }
    },
    {
        "pk": 105,
        "model": "ask.question",
        "fields": {
            "showif": null,
            "q_type": "likert",
            "allow_not_applicable": false,
            "score_mapping": null,
            "text": "dfksadassdsadasasasdasd",
            "choiceset": 4,
            "required": false,
            "order": 0,
            "instrument": null,
            "variable_name": "dfksadassdsadasasasdasd",
            "help_text": "",
            "variable_label": "dfksadassdsadasasasdasd",
            "widget_kwargs": "",
            "audio": "",
            "page": 26,
            "field_kwargs": ""
        }
    },
    {
        "pk": 13,
        "model": "ask.question",
        "fields": {
            "showif": null,
            "q_type": "likert",
            "allow_not_applicable": false,
            "score_mapping": null,
            "text": "Do you like cheese? Press 1 for yes. Zero for no.",
            "choiceset": 2,
            "required": false,
            "order": 0,
            "instrument": null,
            "variable_name": "doyoulikecheese",
            "help_text": "",
            "variable_label": "Do you like cheese?",
            "widget_kwargs": "",
            "audio": "",
            "page": null,
            "field_kwargs": ""
        }
    },
    {
        "pk": 15,
        "model": "ask.question",
        "fields": {
            "showif": null,
            "q_type": "instruction",
            "allow_not_applicable": false,
            "score_mapping": null,
            "text": "You said {{score}}",
            "choiceset": null,
            "required": false,
            "order": 0,
            "instrument": null,
            "variable_name": "doyoulikecheeserepeat",
            "help_text": "",
            "variable_label": "You said {{score}}",
            "widget_kwargs": "",
            "audio": "",
            "page": null,
            "field_kwargs": ""
        }
    },
    {
        "pk": 106,
        "model": "ask.question",
        "fields": {
            "showif": null,
            "q_type": "likert",
            "allow_not_applicable": false,
            "score_mapping": null,
            "text": "Do you like cheese?",
            "choiceset": 2,
            "required": false,
            "order": 0,
            "instrument": null,
            "variable_name": "doyoulikecheeseyesno",
            "help_text": "",
            "variable_label": "do-you-cheese",
            "widget_kwargs": "",
            "audio": "",
            "page": 29,
            "field_kwargs": ""
        }
    },
    {
        "pk": 104,
        "model": "ask.question",
        "fields": {
            "showif": null,
            "q_type": "likert",
            "allow_not_applicable": false,
            "score_mapping": null,
            "text": "dsksdsasadasdasdsad",
            "choiceset": 12,
            "required": false,
            "order": 0,
            "instrument": null,
            "variable_name": "dsfsdfd",
            "help_text": "",
            "variable_label": "sadas",
            "widget_kwargs": "",
            "audio": "",
            "page": 26,
            "field_kwargs": ""
        }
    },
    {
        "pk": 62,
        "model": "ask.question",
        "fields": {
            "showif": null,
            "q_type": "likert",
            "allow_not_applicable": false,
            "score_mapping": null,
            "text": "Becoming easily annoyed or irritable",
            "choiceset": 12,
            "required": false,
            "order": 0,
            "instrument": null,
            "variable_name": "gad7_becoming_easily_annoyed_o",
            "help_text": null,
            "variable_label": "Becoming easily annoyed or irritable",
            "widget_kwargs": "",
            "audio": "",
            "page": null,
            "field_kwargs": ""
        }
    },
    {
        "pk": 61,
        "model": "ask.question",
        "fields": {
            "showif": null,
            "q_type": "likert",
            "allow_not_applicable": false,
            "score_mapping": null,
            "text": "Being so restless that it's hard to sit still",
            "choiceset": 12,
            "required": false,
            "order": 0,
            "instrument": null,
            "variable_name": "gad7_being_so_restless_that_it",
            "help_text": null,
            "variable_label": "Being so restless that it's hard to sit still",
            "widget_kwargs": "",
            "audio": "",
            "page": null,
            "field_kwargs": ""
        }
    },
    {
        "pk": 63,
        "model": "ask.question",
        "fields": {
            "showif": null,
            "q_type": "likert",
            "allow_not_applicable": false,
            "score_mapping": null,
            "text": "Feeling afraid as if something awful might happen",
            "choiceset": 12,
            "required": false,
            "order": 0,
            "instrument": null,
            "variable_name": "gad7_feeling_afraid_as_if_some",
            "help_text": null,
            "variable_label": "Feeling afraid as if something awful might happen",
            "widget_kwargs": "",
            "audio": "",
            "page": null,
            "field_kwargs": ""
        }
    },
    {
        "pk": 57,
        "model": "ask.question",
        "fields": {
            "showif": null,
            "q_type": "likert",
            "allow_not_applicable": false,
            "score_mapping": null,
            "text": "Feeling nervous, anxious, or on edge",
            "choiceset": 12,
            "required": false,
            "order": 0,
            "instrument": null,
            "variable_name": "gad7_feeling_nervous_anxious_o",
            "help_text": null,
            "variable_label": "Feeling nervous, anxious, or on edge",
            "widget_kwargs": "",
            "audio": "",
            "page": null,
            "field_kwargs": ""
        }
    },
    {
        "pk": 64,
        "model": "ask.question",
        "fields": {
            "showif": null,
            "q_type": "instruction",
            "allow_not_applicable": false,
            "score_mapping": null,
            "text": "### Over the **last 2 weeks**, how often have you been bothered by any of the following problems?",
            "choiceset": null,
            "required": false,
            "order": 0,
            "instrument": null,
            "variable_name": "gad7_intro",
            "help_text": "",
            "variable_label": "",
            "widget_kwargs": "",
            "audio": "",
            "page": null,
            "field_kwargs": ""
        }
    },
    {
        "pk": 58,
        "model": "ask.question",
        "fields": {
            "showif": null,
            "q_type": "likert",
            "allow_not_applicable": false,
            "score_mapping": null,
            "text": "Not being able to stop or control worrying",
            "choiceset": 12,
            "required": false,
            "order": 0,
            "instrument": null,
            "variable_name": "gad7_not_being_able_stop_or_co",
            "help_text": null,
            "variable_label": "Not being able to stop or control worrying",
            "widget_kwargs": "",
            "audio": "",
            "page": null,
            "field_kwargs": ""
        }
    },
    {
        "pk": 60,
        "model": "ask.question",
        "fields": {
            "showif": null,
            "q_type": "likert",
            "allow_not_applicable": false,
            "score_mapping": null,
            "text": "Trouble relaxing",
            "choiceset": 12,
            "required": false,
            "order": 0,
            "instrument": null,
            "variable_name": "gad7_trouble_relaxing",
            "help_text": null,
            "variable_label": "Trouble relaxing",
            "widget_kwargs": "",
            "audio": "",
            "page": null,
            "field_kwargs": ""
        }
    },
    {
        "pk": 59,
        "model": "ask.question",
        "fields": {
            "showif": null,
            "q_type": "likert",
            "allow_not_applicable": false,
            "score_mapping": null,
            "text": "Worrying too much about different things",
            "choiceset": 12,
            "required": false,
            "order": 0,
            "instrument": null,
            "variable_name": "gad7_worrying_too_much_differe",
            "help_text": null,
            "variable_label": "Worrying too much about different things",
            "widget_kwargs": "",
            "audio": "",
            "page": null,
            "field_kwargs": ""
        }
    },
    {
        "pk": 107,
        "model": "ask.question",
        "fields": {
            "showif": null,
            "q_type": "hangup",
            "allow_not_applicable": false,
            "score_mapping": null,
            "text": "Goodbye",
            "choiceset": null,
            "required": false,
            "order": 0,
            "instrument": null,
            "variable_name": "goodbye",
            "help_text": "",
            "variable_label": "goodbye",
            "widget_kwargs": "",
            "audio": "",
            "page": 29,
            "field_kwargs": ""
        }
    },
    {
        "pk": 11,
        "model": "ask.question",
        "fields": {
            "showif": null,
            "q_type": "hangup",
            "allow_not_applicable": false,
            "score_mapping": null,
            "text": "",
            "choiceset": null,
            "required": false,
            "order": 0,
            "instrument": null,
            "variable_name": "hangup",
            "help_text": "",
            "variable_label": "hangup",
            "widget_kwargs": "",
            "audio": "",
            "page": null,
            "field_kwargs": ""
        }
    },
    {
        "pk": 16,
        "model": "ask.question",
        "fields": {
            "showif": null,
            "q_type": "likert",
            "allow_not_applicable": false,
            "score_mapping": null,
            "text": "Would you like us to demonstrate Signalbox by sending an email, an SMS message, and calling the mobile telephone number you provided?",
            "choiceset": 2,
            "required": false,
            "order": 0,
            "instrument": null,
            "variable_name": "like_an_sms_and_call",
            "help_text": "",
            "variable_label": "Would you like us to call and send an SMS message to demonstrate the system?",
            "widget_kwargs": "",
            "audio": "",
            "page": null,
            "field_kwargs": ""
        }
    },
    {
        "pk": 22,
        "model": "ask.question",
        "fields": {
            "showif": null,
            "q_type": "checkboxes",
            "allow_not_applicable": false,
            "score_mapping": null,
            "text": "In the last month have you experienced any of the following?\r\n\r\n",
            "choiceset": 9,
            "required": false,
            "order": 0,
            "instrument": null,
            "variable_name": "other_health_complaints_list",
            "help_text": "",
            "variable_label": "In the last month have you experienced any of the following?\r\n\r\n",
            "widget_kwargs": "",
            "audio": "",
            "page": null,
            "field_kwargs": ""
        }
    },
    {
        "pk": 52,
        "model": "ask.question",
        "fields": {
            "showif": null,
            "q_type": "likert",
            "allow_not_applicable": false,
            "score_mapping": null,
            "text": "Feeling bad about yourself - or that you are a failure or have let yourself or your family down? ",
            "choiceset": 11,
            "required": false,
            "order": 0,
            "instrument": null,
            "variable_name": "phq9_feeling_bad_yourself_or_t",
            "help_text": null,
            "variable_label": "Feeling bad about yourself - or tha... let yourself or your family down? ",
            "widget_kwargs": "",
            "audio": "",
            "page": null,
            "field_kwargs": ""
        }
    },
    {
        "pk": 48,
        "model": "ask.question",
        "fields": {
            "showif": null,
            "q_type": "likert",
            "allow_not_applicable": false,
            "score_mapping": null,
            "text": "Feeling down, depressed, or hopeless? ",
            "choiceset": 11,
            "required": false,
            "order": 0,
            "instrument": null,
            "variable_name": "phq9_feeling_down_depressed_or",
            "help_text": null,
            "variable_label": "Feeling down, depressed, or hopeless? ",
            "widget_kwargs": "",
            "audio": "",
            "page": null,
            "field_kwargs": ""
        }
    },
    {
        "pk": 50,
        "model": "ask.question",
        "fields": {
            "showif": null,
            "q_type": "likert",
            "allow_not_applicable": false,
            "score_mapping": null,
            "text": "Feeling tired or having little energy?",
            "choiceset": 11,
            "required": false,
            "order": 0,
            "instrument": null,
            "variable_name": "phq9_feeling_tired_or_having_l",
            "help_text": null,
            "variable_label": "Feeling tired or having little energy?",
            "widget_kwargs": "",
            "audio": "",
            "page": null,
            "field_kwargs": ""
        }
    },
    {
        "pk": 56,
        "model": "ask.question",
        "fields": {
            "showif": null,
            "q_type": "instruction",
            "allow_not_applicable": false,
            "score_mapping": null,
            "text": "### Over the last 2 weeks, how often have you been bothered by any of the following problems? ",
            "choiceset": null,
            "required": false,
            "order": 0,
            "instrument": null,
            "variable_name": "phq9_intro",
            "help_text": "",
            "variable_label": "intro",
            "widget_kwargs": "",
            "audio": "",
            "page": null,
            "field_kwargs": ""
        }
    },
    {
        "pk": 47,
        "model": "ask.question",
        "fields": {
            "showif": null,
            "q_type": "likert",
            "allow_not_applicable": false,
            "score_mapping": null,
            "text": "Little interest or pleasure in doing things? ",
            "choiceset": 11,
            "required": false,
            "order": 0,
            "instrument": null,
            "variable_name": "phq9_little_interest_or_pleasu",
            "help_text": null,
            "variable_label": "Little interest or pleasure in doing things? ",
            "widget_kwargs": "",
            "audio": "",
            "page": null,
            "field_kwargs": ""
        }
    },
    {
        "pk": 54,
        "model": "ask.question",
        "fields": {
            "showif": null,
            "q_type": "likert",
            "allow_not_applicable": false,
            "score_mapping": null,
            "text": "Moving or speaking so slowly that other people could have noticed? Or the opposite - being so fidgety or restless that you have been moving around a lot more than usual?",
            "choiceset": 11,
            "required": false,
            "order": 0,
            "instrument": null,
            "variable_name": "phq9_moving_or_speaking_so_slo",
            "help_text": null,
            "variable_label": "Moving or speaking so slowly that o...oving around a lot more than usual?",
            "widget_kwargs": "",
            "audio": "",
            "page": null,
            "field_kwargs": ""
        }
    },
    {
        "pk": 51,
        "model": "ask.question",
        "fields": {
            "showif": null,
            "q_type": "likert",
            "allow_not_applicable": false,
            "score_mapping": null,
            "text": "Poor appetite or overeating?",
            "choiceset": 11,
            "required": false,
            "order": 0,
            "instrument": null,
            "variable_name": "phq9_poor_appetite_or_overeati",
            "help_text": null,
            "variable_label": "Poor appetite or overeating?",
            "widget_kwargs": "",
            "audio": "",
            "page": null,
            "field_kwargs": ""
        }
    },
    {
        "pk": 55,
        "model": "ask.question",
        "fields": {
            "showif": null,
            "q_type": "likert",
            "allow_not_applicable": false,
            "score_mapping": null,
            "text": "Thoughts that you would be better off dead, or of hurting yourself in some way?",
            "choiceset": 11,
            "required": false,
            "order": 0,
            "instrument": null,
            "variable_name": "phq9_thoughts_that_you_would_b",
            "help_text": null,
            "variable_label": "Thoughts that you would be better o...or of hurting yourself in some way?",
            "widget_kwargs": "",
            "audio": "",
            "page": null,
            "field_kwargs": ""
        }
    },
    {
        "pk": 53,
        "model": "ask.question",
        "fields": {
            "showif": null,
            "q_type": "likert",
            "allow_not_applicable": false,
            "score_mapping": null,
            "text": "Trouble concentrating on things, such as reading the newspaper or watching television?",
            "choiceset": 11,
            "required": false,
            "order": 0,
            "instrument": null,
            "variable_name": "phq9_trouble_concentrating_on_",
            "help_text": null,
            "variable_label": "Trouble concentrating on things, su...e newspaper or watching television?",
            "widget_kwargs": "",
            "audio": "",
            "page": null,
            "field_kwargs": ""
        }
    },
    {
        "pk": 49,
        "model": "ask.question",
        "fields": {
            "showif": null,
            "q_type": "likert",
            "allow_not_applicable": false,
            "score_mapping": null,
            "text": "Trouble falling or staying asleep, or sleeping too much? ",
            "choiceset": 11,
            "required": false,
            "order": 0,
            "instrument": null,
            "variable_name": "phq9_trouble_falling_or_stayin",
            "help_text": null,
            "variable_label": "Trouble falling or staying asleep, or sleeping too much? ",
            "widget_kwargs": "",
            "audio": "",
            "page": null,
            "field_kwargs": ""
        }
    },
    {
        "pk": 70,
        "model": "ask.question",
        "fields": {
            "showif": null,
            "q_type": "instruction",
            "allow_not_applicable": false,
            "score_mapping": null,
            "text": "Edit your new question",
            "choiceset": null,
            "required": false,
            "order": 0,
            "instrument": null,
            "variable_name": "sads",
            "help_text": null,
            "variable_label": null,
            "widget_kwargs": "",
            "audio": "",
            "page": null,
            "field_kwargs": ""
        }
    },
    {
        "pk": 28,
        "model": "ask.question",
        "fields": {
            "showif": null,
            "q_type": "likert",
            "allow_not_applicable": false,
            "score_mapping": null,
            "text": "How bad was the **Back pain**?",
            "choiceset": 10,
            "required": false,
            "order": 0,
            "instrument": null,
            "variable_name": "sev_bad_was_back_pain",
            "help_text": null,
            "variable_label": "How bad was the **Back pain**?",
            "widget_kwargs": "",
            "audio": "",
            "page": null,
            "field_kwargs": ""
        }
    },
    {
        "pk": 26,
        "model": "ask.question",
        "fields": {
            "showif": null,
            "q_type": "likert",
            "allow_not_applicable": false,
            "score_mapping": null,
            "text": "How bad was the **Constipation**?",
            "choiceset": 10,
            "required": false,
            "order": 0,
            "instrument": null,
            "variable_name": "sev_bad_was_constipation",
            "help_text": null,
            "variable_label": "How bad was the **Constipation**?",
            "widget_kwargs": "",
            "audio": "",
            "page": null,
            "field_kwargs": ""
        }
    },
    {
        "pk": 27,
        "model": "ask.question",
        "fields": {
            "showif": null,
            "q_type": "likert",
            "allow_not_applicable": false,
            "score_mapping": null,
            "text": "How bad was the **Diarrhoea **?",
            "choiceset": 10,
            "required": false,
            "order": 0,
            "instrument": null,
            "variable_name": "sev_bad_was_diarrhoea",
            "help_text": null,
            "variable_label": "How bad was the **Diarrhoea **?",
            "widget_kwargs": "",
            "audio": "",
            "page": null,
            "field_kwargs": ""
        }
    },
    {
        "pk": 30,
        "model": "ask.question",
        "fields": {
            "showif": null,
            "q_type": "likert",
            "allow_not_applicable": false,
            "score_mapping": null,
            "text": "How bad was the **Feeling tired for no reason**?",
            "choiceset": 10,
            "required": false,
            "order": 0,
            "instrument": null,
            "variable_name": "sev_bad_was_feeling_tired_no_r",
            "help_text": null,
            "variable_label": "How bad was the **Feeling tired for no reason**?",
            "widget_kwargs": "",
            "audio": "",
            "page": null,
            "field_kwargs": ""
        }
    },
    {
        "pk": 31,
        "model": "ask.question",
        "fields": {
            "showif": null,
            "q_type": "likert",
            "allow_not_applicable": false,
            "score_mapping": null,
            "text": "How bad was the **Headache or migraine**?",
            "choiceset": 10,
            "required": false,
            "order": 0,
            "instrument": null,
            "variable_name": "sev_bad_was_headache_or_migrai",
            "help_text": null,
            "variable_label": "How bad was the **Headache or migraine**?",
            "widget_kwargs": "",
            "audio": "",
            "page": null,
            "field_kwargs": ""
        }
    },
    {
        "pk": 25,
        "model": "ask.question",
        "fields": {
            "showif": null,
            "q_type": "likert",
            "allow_not_applicable": false,
            "score_mapping": null,
            "text": "How bad was the **Heartburn**?",
            "choiceset": 10,
            "required": false,
            "order": 0,
            "instrument": null,
            "variable_name": "sev_bad_was_heartburn",
            "help_text": null,
            "variable_label": "How bad was the **Heartburn**?",
            "widget_kwargs": "",
            "audio": "",
            "page": null,
            "field_kwargs": ""
        }
    },
    {
        "pk": 29,
        "model": "ask.question",
        "fields": {
            "showif": null,
            "q_type": "likert",
            "allow_not_applicable": false,
            "score_mapping": null,
            "text": "How bad was the **Painful joints**?",
            "choiceset": 10,
            "required": false,
            "order": 0,
            "instrument": null,
            "variable_name": "sev_bad_was_painful_joints",
            "help_text": null,
            "variable_label": "How bad was the **Painful joints**?",
            "widget_kwargs": "",
            "audio": "",
            "page": null,
            "field_kwargs": ""
        }
    },
    {
        "pk": 23,
        "model": "ask.question",
        "fields": {
            "showif": null,
            "q_type": "instruction",
            "allow_not_applicable": false,
            "score_mapping": null,
            "text": "Edit your new question",
            "choiceset": null,
            "required": false,
            "order": 0,
            "instrument": null,
            "variable_name": "testconditional",
            "help_text": null,
            "variable_label": null,
            "widget_kwargs": "",
            "audio": "",
            "page": null,
            "field_kwargs": ""
        }
    },
    {
        "pk": 14,
        "model": "ask.question",
        "fields": {
            "showif": null,
            "q_type": "instruction",
            "allow_not_applicable": false,
            "score_mapping": null,
            "text": "Thanks. Goodbye.",
            "choiceset": null,
            "required": false,
            "order": 0,
            "instrument": null,
            "variable_name": "thanks",
            "help_text": "",
            "variable_label": "Thanks. Goodbye.",
            "widget_kwargs": "",
            "audio": "",
            "page": null,
            "field_kwargs": ""
        }
    },
    {
        "pk": 24,
        "model": "ask.question",
        "fields": {
            "showif": null,
            "q_type": "webcam",
            "allow_not_applicable": false,
            "score_mapping": null,
            "text": "Please capture an image of your whole face.",
            "choiceset": null,
            "required": false,
            "order": 0,
            "instrument": null,
            "variable_name": "webcam_demo",
            "help_text": "",
            "variable_label": "Please capture an image of your whole face.",
            "widget_kwargs": "",
            "audio": "",
            "page": null,
            "field_kwargs": ""
        }
    },
    {
        "pk": 15,
        "model": "signalbox.script",
        "fields": {
            "repeat_bymonths": "",
            "jitter": null,
            "reference": "generic-add-document",
            "delay_by_hours": 0,
            "natural_date_syntax": "now\r\nToday\r\nTomorrow at 6am\r\n",
            "delay_in_whole_days_only": false,
            "repeat_interval": 10,
            "repeat_from": null,
            "show_replies_on_dashboard": true,
            "label": "{{script.name}}",
            "script_subject": "",
            "allow_display_of_results": true,
            "success_message": "Questionnaire complete.",
            "script_type": 4,
            "external_asker_url": null,
            "repeat": "DAILY",
            "delay_by_weeks": 0,
            "completion_window": null,
            "repeat_byhours": "",
            "script_body": "",
            "delay_by_days": 0,
            "delay_by_minutes": 0,
            "repeat_bydays": "",
            "name": "Add a document",
            "asker": 16,
            "breaks_blind": true,
            "is_clinical_data": true,
            "show_in_tasklist": false,
            "repeat_byminutes": "",
            "repeat_bymonthdays": "",
            "redirect_url": "/accounts/profile/",
            "max_number_observations": 1,
            "user_instructions": ""
        }
    },
    {
        "pk": 16,
        "model": "signalbox.script",
        "fields": {
            "repeat_bymonths": "",
            "jitter": null,
            "reference": "test-email",
            "delay_by_hours": 0,
            "natural_date_syntax": "now\r\nin 10 minutes\r\nin 20 minutes",
            "delay_in_whole_days_only": false,
            "repeat_interval": null,
            "repeat_from": null,
            "show_replies_on_dashboard": true,
            "label": "{{n}} {{script.name}}",
            "script_subject": "Hello from SignalBox: this is an example of an email notification",
            "allow_display_of_results": false,
            "success_message": "Questionnaire complete.",
            "script_type": 2,
            "external_asker_url": null,
            "repeat": "DAILY",
            "delay_by_weeks": 0,
            "completion_window": null,
            "repeat_byhours": "",
            "script_body": "Hello from SignalBox,\r\n\r\nThis is an example of a simple email notification. No link is available to provide data, but this could be used as a prompt for another action.",
            "delay_by_days": 0,
            "delay_by_minutes": 0,
            "repeat_bydays": "",
            "name": "TEST EMAIL",
            "asker": null,
            "breaks_blind": false,
            "is_clinical_data": false,
            "show_in_tasklist": true,
            "repeat_byminutes": "",
            "repeat_bymonthdays": "",
            "redirect_url": "/accounts/profile/",
            "max_number_observations": 1,
            "user_instructions": ""
        }
    },
    {
        "pk": 17,
        "model": "signalbox.script",
        "fields": {
            "repeat_bymonths": "",
            "jitter": null,
            "reference": "test-email-survey",
            "delay_by_hours": 0,
            "natural_date_syntax": "now",
            "delay_in_whole_days_only": false,
            "repeat_interval": 10,
            "repeat_from": null,
            "show_replies_on_dashboard": true,
            "label": "{{script.name}}",
            "script_subject": "Your questionnaire is ready to complete on SignalBox",
            "allow_display_of_results": true,
            "success_message": "Questionnaire complete.",
            "script_type": 3,
            "external_asker_url": "",
            "repeat": "MINUTELY",
            "delay_by_weeks": 0,
            "completion_window": null,
            "repeat_byhours": "",
            "script_body": "Hello from SignalBox,\r\n\r\nThis is an example of an email survey. Please fill in this questionnaire at the link below:\r\n\r\n{{url}}",
            "delay_by_days": 0,
            "delay_by_minutes": -1,
            "repeat_bydays": "",
            "name": "A demonstration survey",
            "asker": 17,
            "breaks_blind": true,
            "is_clinical_data": true,
            "show_in_tasklist": true,
            "repeat_byminutes": "",
            "repeat_bymonthdays": "",
            "redirect_url": "/accounts/profile/",
            "max_number_observations": 3,
            "user_instructions": ""
        }
    },
    {
        "pk": 18,
        "model": "signalbox.script",
        "fields": {
            "repeat_bymonths": "",
            "jitter": null,
            "reference": "test-phone-call",
            "delay_by_hours": 0,
            "natural_date_syntax": "now",
            "delay_in_whole_days_only": true,
            "repeat_interval": null,
            "repeat_from": null,
            "show_replies_on_dashboard": true,
            "label": "{{script.name}}",
            "script_subject": "test-phone-call",
            "allow_display_of_results": false,
            "success_message": "Questionnaire complete.",
            "script_type": 9,
            "external_asker_url": "",
            "repeat": "DAILY",
            "delay_by_weeks": 0,
            "completion_window": null,
            "repeat_byhours": "",
            "script_body": "",
            "delay_by_days": 0,
            "delay_by_minutes": 0,
            "repeat_bydays": "",
            "name": "An example phone call",
            "asker": 18,
            "breaks_blind": false,
            "is_clinical_data": false,
            "show_in_tasklist": false,
            "repeat_byminutes": "",
            "repeat_bymonthdays": "",
            "redirect_url": "/accounts/profile/",
            "max_number_observations": 1,
            "user_instructions": ""
        }
    },
    {
        "pk": 19,
        "model": "signalbox.script",
        "fields": {
            "repeat_bymonths": "",
            "jitter": null,
            "reference": "test-sms",
            "delay_by_hours": 0,
            "natural_date_syntax": "in 5 minutes\r\n",
            "delay_in_whole_days_only": true,
            "repeat_interval": null,
            "repeat_from": null,
            "show_replies_on_dashboard": true,
            "label": "{{script.name}}",
            "script_subject": "test-sms",
            "allow_display_of_results": false,
            "success_message": "Questionnaire complete.",
            "script_type": 8,
            "external_asker_url": "",
            "repeat": "DAILY",
            "delay_by_weeks": 0,
            "completion_window": null,
            "repeat_byhours": "",
            "script_body": "Hello and welcome to the study. This could prompt participants to do anything you want.",
            "delay_by_days": 0,
            "delay_by_minutes": 0,
            "repeat_bydays": "",
            "name": "An example SMS",
            "asker": null,
            "breaks_blind": false,
            "is_clinical_data": false,
            "show_in_tasklist": false,
            "repeat_byminutes": "",
            "repeat_bymonthdays": "",
            "redirect_url": "/accounts/profile/",
            "max_number_observations": 1,
            "user_instructions": ""
        }
    },
    {
        "pk": 20,
        "model": "signalbox.script",
        "fields": {
            "repeat_bymonths": "",
            "jitter": null,
            "reference": "wouldlikecall",
            "delay_by_hours": 0,
            "natural_date_syntax": "now",
            "delay_in_whole_days_only": true,
            "repeat_interval": null,
            "repeat_from": null,
            "show_replies_on_dashboard": true,
            "label": "{{script.name}}",
            "script_subject": "Signalbox demonstration",
            "allow_display_of_results": false,
            "success_message": "Questionnaire complete.",
            "script_type": 4,
            "external_asker_url": "",
            "repeat": "DAILY",
            "delay_by_weeks": 0,
            "completion_window": null,
            "repeat_byhours": "",
            "script_body": "This is an email from Signalbox to demonstrate the system. Please click the link below:\r\n\r\n{{url}}",
            "delay_by_days": 0,
            "delay_by_minutes": 0,
            "repeat_bydays": "",
            "name": "Introductory questionnaire",
            "asker": 19,
            "breaks_blind": true,
            "is_clinical_data": false,
            "show_in_tasklist": true,
            "repeat_byminutes": "",
            "repeat_bymonthdays": "",
            "redirect_url": "/accounts/profile/",
            "max_number_observations": 1,
            "user_instructions": ""
        }
    },
    {
        "pk": 451,
        "model": "signalbox.answer",
        "fields": {
            "created": "2013-04-12T19:52:01.091",
            "question": 105,
            "upload": "",
            "choices": null,
            "last_modified": "2013-04-12T19:52:01.100",
            "meta": null,
            "answer": "2",
            "reply": 94,
            "other_variable_name": null
        }
    },
    {
        "pk": 452,
        "model": "signalbox.answer",
        "fields": {
            "created": "2013-04-12T19:52:01.106",
            "question": 104,
            "upload": "",
            "choices": null,
            "last_modified": "2013-04-12T19:52:01.108",
            "meta": null,
            "answer": "1",
            "reply": 94,
            "other_variable_name": null
        }
    },
    {
        "pk": 453,
        "model": "signalbox.answer",
        "fields": {
            "created": "2013-04-12T19:52:01.113",
            "question": null,
            "upload": "",
            "choices": null,
            "last_modified": "2013-04-12T19:52:01.116",
            "meta": null,
            "answer": "26.0",
            "reply": 94,
            "other_variable_name": "page_id"
        }
    },
    {
        "pk": 454,
        "model": "signalbox.answer",
        "fields": {
            "created": "2013-04-12T23:16:56.530",
            "question": 106,
            "upload": "",
            "choices": "{\n    \"0\": \"No\", \n    \"1\": \"Yes\"\n}",
            "last_modified": "2013-04-12T23:17:12.689",
            "meta": "('{\\n    \"AccountSid\": \"AC6cc7517b7c34462882901a0ce4198134\", \\n    \"ApiVersion\": \"2010-04-01\", \\n    \"CallSid\": \"CA2c5bcdddb56c1f108293381f9f6fe1eb\", \\n    \"CallStatus\": \"in-progress\", \\n    \"Called\": \"+441579308189\", \\n    \"CalledCity\": \"\", \\n    \"CalledCountry\": \"GB\", \\n    \"CalledState\": \"Liskeard\", \\n    \"CalledZip\": \"\", \\n    \"Caller\": \"+442380001541\", \\n    \"CallerCity\": \"\", \\n    \"CallerCountry\": \"GB\", \\n    \"CallerState\": \"Southampton\", \\n    \"CallerZip\": \"\", \\n    \"Digits\": \"0\", \\n    \"Direction\": \"outbound-api\", \\n    \"From\": \"+442380001541\", \\n    \"FromCity\": \"\", \\n    \"FromCountry\": \"GB\", \\n    \"FromState\": \"Southampton\", \\n    \"FromZip\": \"\", \\n    \"To\": \"+441579308189\", \\n    \"ToCity\": \"\", \\n    \"ToCountry\": \"GB\", \\n    \"ToState\": \"Liskeard\", \\n    \"ToZip\": \"\", \\n    \"msg\": \"Gather End\"\\n}',)",
            "answer": "0",
            "reply": 98,
            "other_variable_name": null
        }
    },
    {
        "pk": 455,
        "model": "signalbox.answer",
        "fields": {
            "created": "2013-04-12T23:18:28.868",
            "question": 106,
            "upload": "",
            "choices": "{\n    \"0\": \"No\", \n    \"1\": \"Yes\"\n}",
            "last_modified": "2013-04-12T23:18:35.170",
            "meta": "('{\\n    \"AccountSid\": \"AC6cc7517b7c34462882901a0ce4198134\", \\n    \"ApiVersion\": \"2010-04-01\", \\n    \"CallSid\": \"CA9a8748e713610c608a1af9dadf50b577\", \\n    \"CallStatus\": \"in-progress\", \\n    \"Called\": \"+441579308189\", \\n    \"CalledCity\": \"\", \\n    \"CalledCountry\": \"GB\", \\n    \"CalledState\": \"Liskeard\", \\n    \"CalledZip\": \"\", \\n    \"Caller\": \"+442380001541\", \\n    \"CallerCity\": \"\", \\n    \"CallerCountry\": \"GB\", \\n    \"CallerState\": \"Southampton\", \\n    \"CallerZip\": \"\", \\n    \"Digits\": \"1\", \\n    \"Direction\": \"outbound-api\", \\n    \"From\": \"+442380001541\", \\n    \"FromCity\": \"\", \\n    \"FromCountry\": \"GB\", \\n    \"FromState\": \"Southampton\", \\n    \"FromZip\": \"\", \\n    \"To\": \"+441579308189\", \\n    \"ToCity\": \"\", \\n    \"ToCountry\": \"GB\", \\n    \"ToState\": \"Liskeard\", \\n    \"ToZip\": \"\", \\n    \"msg\": \"Gather End\"\\n}',)",
            "answer": "1",
            "reply": 99,
            "other_variable_name": null
        }
    },
    {
        "pk": 456,
        "model": "signalbox.answer",
        "fields": {
            "created": "2013-04-12T23:25:08.996",
            "question": 106,
            "upload": "",
            "choices": "{\n    \"0\": \"No\", \n    \"1\": \"Yes\"\n}",
            "last_modified": "2013-04-12T23:25:09.003",
            "meta": "('{\\n    \"AccountSid\": \"AC6cc7517b7c34462882901a0ce4198134\", \\n    \"ApiVersion\": \"2010-04-01\", \\n    \"CallSid\": \"CAe9c8693670608a30e15dc13140320b6b\", \\n    \"CallStatus\": \"in-progress\", \\n    \"Called\": \"+441579308189\", \\n    \"CalledCity\": \"\", \\n    \"CalledCountry\": \"GB\", \\n    \"CalledState\": \"Liskeard\", \\n    \"CalledZip\": \"\", \\n    \"Caller\": \"+442380001541\", \\n    \"CallerCity\": \"\", \\n    \"CallerCountry\": \"GB\", \\n    \"CallerState\": \"Southampton\", \\n    \"CallerZip\": \"\", \\n    \"Digits\": \"1\", \\n    \"Direction\": \"outbound-api\", \\n    \"From\": \"+442380001541\", \\n    \"FromCity\": \"\", \\n    \"FromCountry\": \"GB\", \\n    \"FromState\": \"Southampton\", \\n    \"FromZip\": \"\", \\n    \"To\": \"+441579308189\", \\n    \"ToCity\": \"\", \\n    \"ToCountry\": \"GB\", \\n    \"ToState\": \"Liskeard\", \\n    \"ToZip\": \"\", \\n    \"msg\": \"Gather End\"\\n}',)",
            "answer": "1",
            "reply": 100,
            "other_variable_name": null
        }
    },
    {
        "pk": 458,
        "model": "signalbox.answer",
        "fields": {
            "created": "2013-04-12T23:28:51.843",
            "question": 107,
            "upload": "",
            "choices": null,
            "last_modified": "2013-04-12T23:28:51.847",
            "meta": "('{\\n    \"AccountSid\": \"AC6cc7517b7c34462882901a0ce4198134\", \\n    \"ApiVersion\": \"2010-04-01\", \\n    \"CallSid\": \"CAec88a54ef774d34230e99cb752f5af6b\", \\n    \"CallStatus\": \"in-progress\", \\n    \"Called\": \"+441579308189\", \\n    \"CalledCity\": \"\", \\n    \"CalledCountry\": \"GB\", \\n    \"CalledState\": \"Liskeard\", \\n    \"CalledZip\": \"\", \\n    \"Caller\": \"+442380001541\", \\n    \"CallerCity\": \"\", \\n    \"CallerCountry\": \"GB\", \\n    \"CallerState\": \"Southampton\", \\n    \"CallerZip\": \"\", \\n    \"Direction\": \"outbound-api\", \\n    \"From\": \"+442380001541\", \\n    \"FromCity\": \"\", \\n    \"FromCountry\": \"GB\", \\n    \"FromState\": \"Southampton\", \\n    \"FromZip\": \"\", \\n    \"To\": \"+441579308189\", \\n    \"ToCity\": \"\", \\n    \"ToCountry\": \"GB\", \\n    \"ToState\": \"Liskeard\", \\n    \"ToZip\": \"\"\\n}',)",
            "answer": "",
            "reply": 101,
            "other_variable_name": null
        }
    },
    {
        "pk": 457,
        "model": "signalbox.answer",
        "fields": {
            "created": "2013-04-12T23:27:51.509",
            "question": 106,
            "upload": "",
            "choices": "{\n    \"0\": \"No\", \n    \"1\": \"Yes\"\n}",
            "last_modified": "2013-04-12T23:29:03.630",
            "meta": "('{\\n    \"AccountSid\": \"AC6cc7517b7c34462882901a0ce4198134\", \\n    \"ApiVersion\": \"2010-04-01\", \\n    \"CallSid\": \"CAec88a54ef774d34230e99cb752f5af6b\", \\n    \"CallStatus\": \"completed\", \\n    \"Called\": \"+441579308189\", \\n    \"CalledCity\": \"\", \\n    \"CalledCountry\": \"GB\", \\n    \"CalledState\": \"Liskeard\", \\n    \"CalledZip\": \"\", \\n    \"Caller\": \"+442380001541\", \\n    \"CallerCity\": \"\", \\n    \"CallerCountry\": \"GB\", \\n    \"CallerState\": \"Southampton\", \\n    \"CallerZip\": \"\", \\n    \"Direction\": \"outbound-api\", \\n    \"From\": \"+442380001541\", \\n    \"FromCity\": \"\", \\n    \"FromCountry\": \"GB\", \\n    \"FromState\": \"Southampton\", \\n    \"FromZip\": \"\", \\n    \"To\": \"+441579308189\", \\n    \"ToCity\": \"\", \\n    \"ToCountry\": \"GB\", \\n    \"ToState\": \"Liskeard\", \\n    \"ToZip\": \"\"\\n}',)",
            "answer": "",
            "reply": 101,
            "other_variable_name": null
        }
    },
    {
        "pk": 459,
        "model": "signalbox.answer",
        "fields": {
            "created": "2013-04-12T23:29:26.736",
            "question": 106,
            "upload": "",
            "choices": "{\n    \"0\": \"No\", \n    \"1\": \"Yes\"\n}",
            "last_modified": "2013-04-12T23:29:26.743",
            "meta": "('{\\n    \"AccountSid\": \"AC6cc7517b7c34462882901a0ce4198134\", \\n    \"ApiVersion\": \"2010-04-01\", \\n    \"CallSid\": \"CA9976c2e8605609b4745ac66fe7ce0364\", \\n    \"CallStatus\": \"in-progress\", \\n    \"Called\": \"+441579308189\", \\n    \"CalledCity\": \"\", \\n    \"CalledCountry\": \"GB\", \\n    \"CalledState\": \"Liskeard\", \\n    \"CalledZip\": \"\", \\n    \"Caller\": \"+442380001541\", \\n    \"CallerCity\": \"\", \\n    \"CallerCountry\": \"GB\", \\n    \"CallerState\": \"Southampton\", \\n    \"CallerZip\": \"\", \\n    \"Digits\": \"1\", \\n    \"Direction\": \"outbound-api\", \\n    \"From\": \"+442380001541\", \\n    \"FromCity\": \"\", \\n    \"FromCountry\": \"GB\", \\n    \"FromState\": \"Southampton\", \\n    \"FromZip\": \"\", \\n    \"To\": \"+441579308189\", \\n    \"ToCity\": \"\", \\n    \"ToCountry\": \"GB\", \\n    \"ToState\": \"Liskeard\", \\n    \"ToZip\": \"\", \\n    \"msg\": \"Gather End\"\\n}',)",
            "answer": "1",
            "reply": 102,
            "other_variable_name": null
        }
    },
    {
        "pk": 460,
        "model": "signalbox.answer",
        "fields": {
            "created": "2013-04-12T23:32:42.917",
            "question": null,
            "upload": "",
            "choices": null,
            "last_modified": "2013-04-12T23:32:42.921",
            "meta": null,
            "answer": "29.0",
            "reply": 103,
            "other_variable_name": "page_id"
        }
    },
    {
        "pk": 461,
        "model": "signalbox.answer",
        "fields": {
            "created": "2013-04-12T23:32:42.927",
            "question": 107,
            "upload": "",
            "choices": null,
            "last_modified": "2013-04-12T23:32:42.929",
            "meta": null,
            "answer": "",
            "reply": 103,
            "other_variable_name": null
        }
    },
    {
        "pk": 462,
        "model": "signalbox.answer",
        "fields": {
            "created": "2013-04-12T23:32:42.934",
            "question": 106,
            "upload": "",
            "choices": null,
            "last_modified": "2013-04-12T23:32:42.936",
            "meta": null,
            "answer": "1",
            "reply": 103,
            "other_variable_name": null
        }
    },
    {
        "pk": 1,
        "model": "signalbox.scoresheet",
        "fields": {
            "function": "sum",
            "variables": [
                13
            ],
            "name": "cheese_answer",
            "description": ""
        }
    },
    {
        "pk": 2,
        "model": "signalbox.scoresheet",
        "fields": {
            "function": "sum",
            "variables": [
                52,
                48,
                50,
                47,
                54,
                51,
                55,
                53,
                49
            ],
            "name": "PHQ-9",
            "description": "Sum score for the PHQ9"
        }
    },
    {
        "pk": 1,
        "model": "auth.group",
        "fields": {
            "name": "Researchers",
            "permissions": []
        }
    },
    {
        "pk": 2,
        "model": "auth.group",
        "fields": {
            "name": "Clinicians",
            "permissions": []
        }
    },
    {
        "pk": 3,
        "model": "auth.group",
        "fields": {
            "name": "Research Assistants",
            "permissions": []
        }
    },
    {
        "pk": 4,
        "model": "auth.group",
        "fields": {
            "name": "Assessors",
            "permissions": []
        }
    },
    {
        "pk": 1,
        "model": "auth.user",
        "fields": {
            "username": "ADMIN",
            "first_name": "ADMIN",
            "last_name": "ADMINSURNAME",
            "is_active": true,
            "is_superuser": true,
            "is_staff": true,
            "last_login": "2013-01-04T20:08:29.806",
            "groups": [],
            "user_permissions": [],
            "password": "pbkdf2_sha256$10000$AEo7V61yfgPx$Bh2Mp4g8w5L6WYeU5VY48dbcGT1SuTnwSQsEVXX8/Ps=",
            "email": "benwhalley@gmail.com",
            "date_joined": "2013-01-04T20:08:29.806"
        }
    },
    {
        "pk": 3,
        "model": "auth.user",
        "fields": {
            "username": "CLINICIAN",
            "first_name": "CLINICIANFIRSTNAME",
            "last_name": "CLINICIANSURNAME",
            "is_active": true,
            "is_superuser": false,
            "is_staff": true,
            "last_login": "2013-01-04T20:08:29.840",
            "groups": [
                2
            ],
            "user_permissions": [],
            "password": "pbkdf2_sha256$10000$AEo7V61yfgPx$Bh2Mp4g8w5L6WYeU5VY48dbcGT1SuTnwSQsEVXX8/Ps=",
            "email": "therapist@example.com",
            "date_joined": "2013-01-04T20:08:29.840"
        }
    },
    {
        "pk": 4,
        "model": "auth.user",
        "fields": {
            "username": "RESEARCHASSISTANT",
            "first_name": "RESEARCH",
            "last_name": "ASSISTANT",
            "is_active": true,
            "is_superuser": false,
            "is_staff": true,
            "last_login": "2013-01-04T20:08:29.848",
            "groups": [
                3
            ],
            "user_permissions": [],
            "password": "pbkdf2_sha256$10000$AEo7V61yfgPx$Bh2Mp4g8w5L6WYeU5VY48dbcGT1SuTnwSQsEVXX8/Ps=",
            "email": "therapist@example.com",
            "date_joined": "2013-01-04T20:08:29.848"
        }
    },
    {
        "pk": 2,
        "model": "auth.user",
        "fields": {
            "username": "RESEARCHER",
            "first_name": "RESEARCHERFIRSTNAME",
            "last_name": "RESEARCHERSURNAME",
            "is_active": true,
            "is_superuser": true,
            "is_staff": true,
            "last_login": "2013-01-04T20:08:29.828",
            "groups": [
                1
            ],
            "user_permissions": [],
            "password": "pbkdf2_sha256$10000$AEo7V61yfgPx$Bh2Mp4g8w5L6WYeU5VY48dbcGT1SuTnwSQsEVXX8/Ps=",
            "email": "benwhalley@gmail.com",
            "date_joined": "2013-01-04T20:08:29.828"
        }
    },
    {
        "pk": 5,
        "model": "auth.user",
        "fields": {
            "username": "ben",
            "first_name": "",
            "last_name": "",
            "is_active": true,
            "is_superuser": true,
            "is_staff": true,
            "last_login": "2013-04-16T08:49:36.511",
            "groups": [],
            "user_permissions": [],
            "password": "pbkdf2_sha256$10000$SgNnpTTbXOyw$9t8scJ2BQjSsQay5T9sDIA3FrM0iTxXci0kwhGE94nk=",
            "email": "benwhalley@gmail.com",
            "date_joined": "2013-01-04T15:42:03"
        }
    },
    {
        "pk": 1,
        "model": "ask.showif",
        "fields": {
            "summary_score": null,
            "previous_question": 16,
            "values": "1",
            "more_than": null,
            "less_than": null
        }
    },
    {
        "pk": 2,
        "model": "ask.showif",
        "fields": {
            "summary_score": null,
            "previous_question": 22,
            "values": "2",
            "more_than": null,
            "less_than": null
        }
    },
    {
        "pk": 3,
        "model": "ask.showif",
        "fields": {
            "summary_score": null,
            "previous_question": 22,
            "values": "1",
            "more_than": null,
            "less_than": null
        }
    },
    {
        "pk": 4,
        "model": "ask.showif",
        "fields": {
            "summary_score": null,
            "previous_question": 22,
            "values": "3",
            "more_than": null,
            "less_than": null
        }
    },
    {
        "pk": 5,
        "model": "ask.showif",
        "fields": {
            "summary_score": null,
            "previous_question": 22,
            "values": "4",
            "more_than": null,
            "less_than": null
        }
    },
    {
        "pk": 6,
        "model": "ask.showif",
        "fields": {
            "summary_score": null,
            "previous_question": 22,
            "values": "5",
            "more_than": null,
            "less_than": null
        }
    },
    {
        "pk": 7,
        "model": "ask.showif",
        "fields": {
            "summary_score": null,
            "previous_question": 22,
            "values": "5",
            "more_than": null,
            "less_than": null
        }
    },
    {
        "pk": 8,
        "model": "ask.showif",
        "fields": {
            "summary_score": null,
            "previous_question": 22,
            "values": "7",
            "more_than": null,
            "less_than": null
        }
    },
    {
        "pk": 9,
        "model": "ask.showif",
        "fields": {
            "summary_score": null,
            "previous_question": 22,
            "values": "6",
            "more_than": null,
            "less_than": null
        }
    },
    {
        "pk": 2,
        "model": "signalbox.usermessage",
        "fields": {
            "message_to": 5,
            "message_from": 5,
            "state": "sent",
            "last_modified": "2013-01-04T22:34:47.300",
            "message": "sda",
            "message_type": "Email",
            "subject": "hello from heroku"
        }
    },
    {
        "pk": 1,
        "model": "signalbox.usermessage",
        "fields": {
            "message_to": 5,
            "message_from": 5,
            "state": "sent",
            "last_modified": "2013-01-04T20:34:48.510",
            "message": "sadas",
            "message_type": "Email",
            "subject": "sadas"
        }
    },
    {
        "pk": 1,
        "model": "signalbox.userprofile",
        "fields": {
            "uuid": "c2f083a6-2dde-11e2-83f5-d49a20fdac20",
            "title": null,
            "mobile": null,
            "user": 1,
            "site": null,
            "professional_registration_number": null,
            "county": "Devon",
            "landline": null,
            "address_2": "jkjh",
            "address_3": "jkhkj",
            "prefer_mobile": true,
            "postcode": "PL17 8NJ",
            "organisation": null,
            "address_1": "jhjk"
        }
    },
    {
        "pk": 2,
        "model": "signalbox.userprofile",
        "fields": {
            "uuid": "4974032a-5685-11e2-8f14-123139183441",
            "title": null,
            "mobile": "",
            "user": 5,
            "site": null,
            "professional_registration_number": "",
            "county": "",
            "landline": "",
            "address_2": "",
            "address_3": "",
            "prefer_mobile": true,
            "postcode": "PL17 8NJ",
            "organisation": "",
            "address_1": ""
        }
    },
    {
        "pk": 1,
        "model": "signalbox.study",
        "fields": {
            "consent_text": "I consent to take part in this demonstration study. ",
            "paused": false,
            "visible": true,
            "allocation_method": "balanced_groups_adaptive_randomisation",
            "createifs": [
                1,
                2,
                3
            ],
            "outbound_sms_number": "",
            "visible_profile_fields": "mobile postcode",
            "max_redial_attempts": 3,
            "ad_hoc_scripts": [
                17
            ],
            "slug": "demo-study",
            "required_profile_fields": "mobile postcode",
            "blurb": "This is a demonstration study for the signalbox system. Feel free to signup to see how the system can work.",
            "inbound_number": "",
            "working_day_starts": 0,
            "redial_delay": 30,
            "auto_add_observations": true,
            "randomisation_probability": "0.5",
            "auto_randomise": true,
            "study_email": "benwhalley@gmail.com",
            "name": "A demonstration study",
            "welcome_text": "Welcome to the study",
            "show_study_condition_to_user": false,
            "study_image": "study/images/Screen_Shot_2013-02-22_at_14.26.54.png",
            "working_day_ends": 22,
            "outbound_telephone_number": "",
            "briefing": "After signing up you will be directed to complete a short questionnaire. \r\n\r\nIf you consent, you will then be sent an email, an SMS message and a telephone call to show how participants can complete self report measures in different ways."
        }
    },
    {
        "pk": 38,
        "model": "signalbox.membership",
        "fields": {
            "date_randomised": null,
            "study": 1,
            "relates_to": null,
            "user": 5,
            "active": true,
            "condition": 4,
            "date_joined": "2013-04-12"
        }
    },
    {
        "pk": 103,
        "model": "signalbox.reply",
        "fields": {
            "asker": 18,
            "is_canonical_reply": false,
            "observation": null,
            "redirect_to": null,
            "started": "2013-04-12T23:32:20.186",
            "notes": null,
            "current_page": 29,
            "is_clinical_data": false,
            "entry_method": "preview",
            "token": "d6795e70-a3c0-11e2-b173-14109ff19192",
            "last_submit": "2013-04-12T23:32:20.186",
            "user": 5,
            "complete": false,
            "twilio_question_index": 0,
            "external_id": null,
            "originally_collected_on": null
        }
    },
    {
        "pk": 102,
        "model": "signalbox.reply",
        "fields": {
            "asker": 18,
            "is_canonical_reply": false,
            "observation": 137,
            "redirect_to": "/accounts/profile/",
            "started": "2013-04-12T23:29:22.077",
            "notes": null,
            "current_page": 29,
            "is_clinical_data": false,
            "entry_method": "twilio",
            "token": "6c503319-a3c0-11e2-a101-14109ff19192",
            "last_submit": "2013-04-12T23:29:26.785",
            "user": null,
            "complete": true,
            "twilio_question_index": 1,
            "external_id": "CA9976c2e8605609b4745ac66fe7ce0364",
            "originally_collected_on": null
        }
    },
    {
        "pk": 101,
        "model": "signalbox.reply",
        "fields": {
            "asker": 18,
            "is_canonical_reply": false,
            "observation": 137,
            "redirect_to": "/accounts/profile/",
            "started": "2013-04-12T23:27:45.518",
            "notes": null,
            "current_page": 29,
            "is_clinical_data": false,
            "entry_method": "twilio",
            "token": "32c25642-a3c0-11e2-82a8-14109ff19192",
            "last_submit": "2013-04-12T23:29:03.666",
            "user": null,
            "complete": true,
            "twilio_question_index": 1,
            "external_id": "CAec88a54ef774d34230e99cb752f5af6b",
            "originally_collected_on": null
        }
    },
    {
        "pk": 100,
        "model": "signalbox.reply",
        "fields": {
            "asker": 18,
            "is_canonical_reply": false,
            "observation": 137,
            "redirect_to": "/accounts/profile/",
            "started": "2013-04-12T23:25:01.535",
            "notes": null,
            "current_page": 29,
            "is_clinical_data": false,
            "entry_method": "twilio",
            "token": "d10490c7-a3bf-11e2-8a00-14109ff19192",
            "last_submit": "2013-04-12T23:25:09.043",
            "user": null,
            "complete": true,
            "twilio_question_index": 0,
            "external_id": "CAe9c8693670608a30e15dc13140320b6b",
            "originally_collected_on": null
        }
    },
    {
        "pk": 99,
        "model": "signalbox.reply",
        "fields": {
            "asker": 18,
            "is_canonical_reply": false,
            "observation": 137,
            "redirect_to": "/accounts/profile/",
            "started": "2013-04-12T23:18:24.749",
            "notes": null,
            "current_page": 29,
            "is_clinical_data": false,
            "entry_method": "twilio",
            "token": "e483e9d1-a3be-11e2-8979-14109ff19192",
            "last_submit": "2013-04-12T23:18:35.222",
            "user": null,
            "complete": true,
            "twilio_question_index": 0,
            "external_id": "CA9a8748e713610c608a1af9dadf50b577",
            "originally_collected_on": null
        }
    },
    {
        "pk": 98,
        "model": "signalbox.reply",
        "fields": {
            "asker": 18,
            "is_canonical_reply": false,
            "observation": 137,
            "redirect_to": "/accounts/profile/",
            "started": "2013-04-12T23:16:42.643",
            "notes": null,
            "current_page": 29,
            "is_clinical_data": false,
            "entry_method": "twilio",
            "token": "a7a7a811-a3be-11e2-9ec6-14109ff19192",
            "last_submit": "2013-04-12T23:17:12.732",
            "user": null,
            "complete": true,
            "twilio_question_index": 0,
            "external_id": "CA2c5bcdddb56c1f108293381f9f6fe1eb",
            "originally_collected_on": null
        }
    },
    {
        "pk": 97,
        "model": "signalbox.reply",
        "fields": {
            "asker": 18,
            "is_canonical_reply": false,
            "observation": 137,
            "redirect_to": "/accounts/profile/",
            "started": "2013-04-12T23:15:10.198",
            "notes": null,
            "current_page": 29,
            "is_clinical_data": false,
            "entry_method": "twilio",
            "token": "708dbfa6-a3be-11e2-b1b0-14109ff19192",
            "last_submit": "2013-04-12T23:15:10.240",
            "user": null,
            "complete": false,
            "twilio_question_index": 0,
            "external_id": "CA09286975a2055f9b7782e9a9dc3eaa65",
            "originally_collected_on": null
        }
    },
    {
        "pk": 96,
        "model": "signalbox.reply",
        "fields": {
            "asker": 18,
            "is_canonical_reply": false,
            "observation": 137,
            "redirect_to": "/accounts/profile/",
            "started": "2013-04-12T22:56:32.053",
            "notes": null,
            "current_page": 29,
            "is_clinical_data": false,
            "entry_method": "twilio",
            "token": "d61665f5-a3bb-11e2-aa63-14109ff19192",
            "last_submit": "2013-04-12T22:56:32.092",
            "user": null,
            "complete": false,
            "twilio_question_index": 0,
            "external_id": "CA12725650e89d267d9f6cb294b48e1d5a",
            "originally_collected_on": null
        }
    },
    {
        "pk": 95,
        "model": "signalbox.reply",
        "fields": {
            "asker": 18,
            "is_canonical_reply": false,
            "observation": 137,
            "redirect_to": "/accounts/profile/",
            "started": "2013-04-12T22:55:14.494",
            "notes": null,
            "current_page": 29,
            "is_clinical_data": false,
            "entry_method": "twilio",
            "token": "a7dbcb02-a3bb-11e2-b407-14109ff19192",
            "last_submit": "2013-04-12T22:55:14.528",
            "user": null,
            "complete": false,
            "twilio_question_index": 0,
            "external_id": "CAcede7bde96dbdc49f676e0e788f92365",
            "originally_collected_on": null
        }
    },
    {
        "pk": 94,
        "model": "signalbox.reply",
        "fields": {
            "asker": 17,
            "is_canonical_reply": false,
            "observation": null,
            "redirect_to": null,
            "started": "2013-04-12T19:51:55.282",
            "notes": null,
            "current_page": 26,
            "is_clinical_data": false,
            "entry_method": "preview",
            "token": "0bd1243d-a3a2-11e2-8898-14109ff19192",
            "last_submit": "2013-04-12T19:51:55.282",
            "user": 5,
            "complete": false,
            "twilio_question_index": 0,
            "external_id": null,
            "originally_collected_on": null
        }
    },
    {
        "pk": 2,
        "model": "signalbox.studycondition",
        "fields": {
            "study": 1,
            "tag": "control",
            "display_name": "CONTROL",
            "weight": 1,
            "scripts": [
                20
            ]
        }
    },
    {
        "pk": 4,
        "model": "signalbox.studycondition",
        "fields": {
            "study": 1,
            "tag": "testphones",
            "display_name": "",
            "weight": 0,
            "scripts": [
                18,
                19
            ]
        }
    }
]
